# SPK-IDs for 18,000 curated solar system objects
# Tier 1: Large asteroids (>10km) + Famous comets
# Tier 2: PHAs, NEOs, TNOs, and largest remaining
# Total: 18000 objects

2000617
2000884
2001172
2001173
2001208
2001867
2001870
2001871
2001872
2001873
2002207
2002223
2002241
2002357
2002363
2002594
2002674
2002893
2002895
2003240
2003317
2003451
2003708
2004348
2004707
2004708
2004709
2004715
2004722
2004754
2004791
2004792
2004805
2004827
2004828
2004829
2004832
2004867
2005119
2005120
2005130
2005144
2005233
2005476
2005511
2005637
2005638
2005648
2005907
2006002
2006997
2006998
2007352
2007815
2009023
2009030
2009142
2009430
2011089
2011275
2011487
2011488
2011509
2011552
2011554
2011663
2011869
2011887
2012052
2012126
2012242
2012444
2012649
2012929
2013402
2015502
2015977
2016070
2016428
2016560
2016667
2016956
2017171
2017172
2017314
2017365
2017414
2017417
2017419
2017421
2017442
2017492
2018037
2018046
2018054
2018137
2018228
2018268
2018278
2018493
2018940
2018971
2019018
2019020
2019844
2022180
2023463
2023694
2023987
2024018
2024022
2024444
2024446
2024448
2024449
2024451
2024453
2024454
2024456
2024458
2024459
2024467
2024470
2024471
2024472
2025344
2025347
2025883
2029314
2029603
2029976
2029977
2030498
2030499
2030504
2030505
2030506
2030704
2030705
2030708
2030791
2030807
2030942
2031342
2031344
2031806
2031819
2032339
2032397
2032434
2032435
2032437
2032440
2032451
2032464
2032467
2032475
2032478
2032480
2032482
2032496
2032499
2032501
2032615
2032720
2032811
2034521
2034553
2034642
2034746
2034785
2036624
2037519
2039474
2047955
2047957
2047962
2047963
2047967
2047969
2048254
2048373
2048438
2048764
2048767
2051340
2051345
2051346
2051347
2051350
2051354
2051359
2051364
2051365
2051910
2051935
2051958
2051962
2051969
2052278
2052511
2052567
2052767
2053418
2053419
2054626
2054649
2054656
2054672
2055060
2055267
2055419
2055457
2055474
2056968
2056976
2057013
2057714
2058008
2058931
2062114
2062426
2063955
2064030
2065590
2068444
2068519
2069437
2073677
2073795
2076812
2076826
2076830
2076857
2076867
2080119
2082055
2099308
2099334
2099943
2105694
2105808
2114141
2114208
2117385
2117404
2117447
2119528
2125045
2125159
2128299
2129133
2131447
2131451
2153083
2159342
2182746
2247967
2248186
2000588
2000624
2000659
2000911
2001143
2001404
2001437
2001583
2001647
2001749
2001868
2001869
2002146
2002148
2002260
2002456
2002759
2002797
2002920
2003063
2003391
2003540
2003548
2003564
2003596
2003709
2003793
2003794
2003801
2004007
2004035
2004057
2004060
2004063
2004068
2004086
2004138
2004489
2004501
2004543
2004833
2004834
2004835
2004836
2004902
2004946
2005012
2005023
2005025
2005027
2005028
2005041
2005123
2005126
2005209
2005244
2005254
2005258
2005259
2005264
2005283
2005284
2005285
2005436
2005652
2006090
2006545
2007119
2007152
2007543
2007641
2008060
2008125
2008241
2008317
2009431
2009694
2009712
2009790
2009799
2009807
2009817
2009818
2009828
2009857
2010247
2010664
2010989
2011251
2011252
2011351
2011395
2011396
2011397
2011428
2011429
2011668
2012054
2012238
2012658
2012714
2012916
2012917
2012921
2012972
2012974
2013060
2013062
2013182
2013183
2013184
2013229
2013230
2013323
2013353
2013362
2013366
2013372
2013379
2013383
2013385
2013463
2013475
2013650
2013694
2013782
2013862
2014235
2014268
2014690
2014707
2014791
2015033
2015094
2015398
2015436
2015440
2015521
2015527
2015535
2015536
2015539
2015651
2015663
2016099
2016974
2017351
2018060
2018062
2018063
2018071
2018263
2019725
2019913
2020144
2020424
2020428
2020716
2020720
2020729
2020739
2020995
2021271
2021284
2021370
2021593
2021595
2021599
2021601
2021900
2022008
2022009
2022014
2022035
2022041
2022052
2022054
2022055
2022056
2022059
2022149
2022203
2023075
2023119
2023123
2023126
2023135
2023269
2023285
2023382
2023480
2023622
2023624
2023709
2023939
2023958
2023968
2023970
2024233
2024244
2024275
2024279
2024312
2024313
2024357
2024380
2024390
2024403
2024420
2024485
2024486
2024501
2024505
2024506
2024519
2024530
2024531
2024534
2024537
2024587
2025895
2025910
2026601
2026705
2028958
2030020
2030102
2031835
2032498
2035276
2035673
2036259
2036267
2036279
2037297
2037298
2037299
2037301
2037685
2037732
2038050
2038600
2038606
2038607
2038610
2038615
2038619
2039264
2039275
2039278
2039286
2039369
2041340
2041379
2042187
2042367
2042554
2048269
2051378
2053436
2055563
2055568
2055578
2057041
2057904
2060383
2063195
2063241
2063273
2065000
2065097
2065111
2065210
2065257
2085030
2085807
2089940
2090337
2101492
2103989
2114694
2116969
2134720
2134749
2134957
2137879
2160679
2161003
2162861
2191115
2192221
2200029
2202752
2202783
2207749
2312802
2000001
2000002
2000003
2000004
2000005
2000006
2000007
2000008
2000009
2000010
2000011
2000012
2000013
2000014
2000015
2000016
2000017
2000018
2000019
2000020
2000021
2000022
2000023
2000024
2000025
2000026
2000027
2000028
2000029
2000030
2000031
2000032
2000033
2000034
2000035
2000036
2000037
2000038
2000039
2000040
2000041
2000042
2000043
2000044
2000045
2000046
2000047
2000048
2000049
2000050
2000051
2000052
2000053
2000054
2000055
2000056
2000057
2000058
2000059
2000060
2000061
2000062
2000063
2000064
2000065
2000066
2000067
2000068
2000069
2000070
2000071
2000072
2000073
2000074
2000075
2000076
2000077
2000078
2000079
2000080
2000081
2000082
2000083
2000084
2000085
2000086
2000087
2000088
2000089
2000090
2000091
2000092
2000093
2000094
2000095
2000096
2000097
2000098
2000099
2000100
2000101
2000102
2000103
2000104
2000105
2000106
2000107
2000108
2000109
2000110
2000111
2000112
2000113
2000114
2000115
2000116
2000117
2000118
2000119
2000120
2000121
2000122
2000123
2000124
2000125
2000126
2000127
2000128
2000129
2000130
2000131
2000132
2000133
2000134
2000135
2000136
2000137
2000138
2000139
2000140
2000141
2000142
2000143
2000144
2000145
2000146
2000147
2000148
2000149
2000150
2000151
2000152
2000153
2000154
2000155
2000156
2000158
2000159
2000160
2000161
2000162
2000163
2000164
2000165
2000166
2000167
2000168
2000169
2000170
2000171
2000172
2000173
2000174
2000175
2000176
2000177
2000178
2000179
2000180
2000181
2000182
2000183
2000184
2000185
2000186
2000187
2000188
2000189
2000190
2000191
2000192
2000193
2000194
2000195
2000196
2000197
2000198
2000199
2000200
2000201
2000202
2000203
2000204
2000205
2000206
2000207
2000208
2000209
2000210
2000211
2000212
2000213
2000214
2000215
2000216
2000217
2000218
2000219
2000220
2000221
2000222
2000223
2000224
2000225
2000226
2000227
2000229
2000230
2000231
2000232
2000233
2000234
2000235
2000236
2000237
2000238
2000239
2000240
2000241
2000242
2000243
2000245
2000246
2000247
2000248
2000249
2000250
2000251
2000252
2000253
2000255
2000256
2000257
2000258
2000259
2000260
2000261
2000263
2000264
2000265
2000266
2000267
2000268
2000269
2000270
2000271
2000272
2000273
2000274
2000275
2000276
2000277
2000278
2000279
2000280
2000282
2000283
2000284
2000285
2000286
2000287
2000288
2000289
2000292
2000293
2000294
2000295
2000297
2000298
2000300
2000301
2000302
2000303
2000304
2000305
2000306
2000307
2000308
2000309
2000310
2000311
2000312
2000313
2000314
2000316
2000318
2000319
2000320
2000321
2000322
2000323
2000324
2000325
2000326
2000327
2000328
2000329
2000331
2000332
2000333
2000334
2000335
2000336
2000337
2000338
2000339
2000340
2000342
2000344
2000345
2000346
2000347
2000348
2000349
2000350
2000351
2000352
2000354
2000355
2000356
2000357
2000358
2000359
2000360
2000361
2000362
2000363
2000364
2000365
2000366
2000367
2000368
2000369
2000370
2000371
2000372
2000373
2000374
2000375
2000376
2000377
2000378
2000379
2000380
2000381
2000382
2000383
2000384
2000385
2000386
2000387
2000388
2000389
2000390
2000392
2000393
2000394
2000395
2000396
2000397
2000398
2000399
2000400
2000401
2000402
2000403
2000404
2000405
2000406
2000407
2000408
2000409
2000410
2000411
2000412
2000413
2000414
2000415
2000416
2000417
2000418
2000419
2000420
2000423
2000424
2000425
2000426
2000427
2000428
2000429
2000430
2000431
2000432
2000435
2000436
2000438
2000439
2000441
2000442
2000443
2000444
2000445
2000446
2000447
2000448
2000449
2000450
2000451
2000453
2000454
2000455
2000456
2000458
2000459
2000461
2000462
2000463
2000464
2000465
2000466
2000467
2000468
2000469
2000470
2000471
2000472
2000474
2000475
2000476
2000477
2000478
2000479
2000480
2000481
2000482
2000483
2000484
2000485
2000486
2000487
2000488
2000489
2000490
2000491
2000492
2000493
2000494
2000495
2000497
2000498
2000499
2000500
2000501
2000503
2000504
2000505
2000506
2000507
2000508
2000509
2000510
2000511
2000512
2000513
2000514
2000515
2000516
2000517
2000519
2000520
2000521
2000522
2000523
2000524
2000526
2000527
2000528
2000529
2000530
2000532
2000533
2000534
2000535
2000536
2000537
2000538
2000539
2000541
2000542
2000543
2000544
2000545
2000546
2000547
2000550
2000551
2000552
2000554
2000555
2000556
2000557
2000558
2000559
2000560
2000561
2000562
2000563
2000564
2000565
2000566
2000567
2000568
2000569
2000570
2000572
2000573
2000576
2000577
2000578
2000579
2000580
2000581
2000582
2000583
2000584
2000585
2000586
2000589
2000590
2000591
2000592
2000593
2000595
2000596
2000597
2000598
2000599
2000600
2000601
2000602
2000604
2000605
2000606
2000607
2000608
2000609
2000611
2000612
2000613
2000614
2000615
2000616
2000618
2000619
2000621
2000622
2000623
2000625
2000626
2000627
2000628
2000629
2000631
2000633
2000634
2000635
2000636
2000637
2000638
2000639
2000640
2000642
2000643
2000645
2000648
2000651
2000653
2000654
2000655
2000656
2000657
2000658
2000660
2000661
2000662
2000663
2000664
2000665
2000666
2000667
2000668
2000669
2000670
2000671
2000672
2000673
2000674
2000675
2000676
2000677
2000678
2000679
2000680
2000681
2000683
2000686
2000687
2000688
2000690
2000691
2000692
2000693
2000694
2000695
2000696
2000697
2000698
2000701
2000702
2000704
2000705
2000706
2000708
2000709
2000710
2000712
2000713
2000714
2000715
2000717
2000718
2000720
2000721
2000723
2000725
2000726
2000727
2000729
2000731
2000732
2000733
2000734
2000735
2000737
2000738
2000739
2000740
2000741
2000742
2000743
2000744
2000745
2000746
2000747
2000748
2000750
2000751
2000752
2000753
2000754
2000755
2000756
2000757
2000758
2000759
2000760
2000761
2000762
2000764
2000766
2000767
2000768
2000769
2000771
2000772
2000773
2000774
2000775
2000776
2000777
2000778
2000779
2000780
2000781
2000783
2000784
2000785
2000786
2000787
2000788
2000789
2000790
2000791
2000792
2000793
2000794
2000795
2000796
2000797
2000798
2000799
2000801
2000803
2000804
2000805
2000806
2000807
2000808
2000814
2000816
2000817
2000818
2000820
2000821
2000824
2000826
2000828
2000829
2000830
2000833
2000834
2000835
2000838
2000839
2000840
2000842
2000844
2000845
2000846
2000847
2000848
2000849
2000850
2000852
2000853
2000856
2000858
2000859
2000860
2000861
2000862
2000863
2000866
2000867
2000868
2000869
2000872
2000873
2000874
2000876
2000877
2000880
2000882
2000885
2000886
2000888
2000890
2000891
2000892
2000893
2000894
2000895
2000897
2000899
2000903
2000904
2000906
2000907
2000908
2000909
2000910
2000912
2000914
2000916
2000917
2000918
2000919
2000920
2000921
2000923
2000924
2000925
2000926
2000927
2000928
2000930
2000931
2000932
2000933
2000934
2000936
2000938
2000940
2000942
2000943
2000944
2000945
2000946
2000947
2000949
2000952
2000953
2000954
2000957
2000958
2000959
2000961
2000965
2000966
2000968
2000971
2000972
2000973
2000974
2000975
2000976
2000977
2000978
2000979
2000980
2000981
2000982
2000983
2000984
2000986
2000987
2000988
2000990
2000991
2000992
2000994
2000995
2000996
2000997
2000998
2001000
2001001
2001002
2001003
2001004
2001005
2001006
2001008
2001010
2001012
2001013
2001015
2001017
2001021
2001022
2001023
2001024
2001027
2001028
2001029
2001030
2001031
2001032
2001035
2001036
2001038
2001039
2001040
2001041
2001042
2001043
2001046
2001048
2001049
2001051
2001054
2001057
2001059
2001061
2001062
2001064
2001067
2001068
2001069
2001070
2001071
2001072
2001073
2001074
2001075
2001076
2001079
2001080
2001081
2001082
2001084
2001085
2001086
2001087
2001091
2001092
2001093
2001095
2001096
2001097
2001098
2001099
2001101
2001102
2001104
2001105
2001107
2001108
2001109
2001112
2001113
2001114
2001115
2001116
2001118
2001119
2001124
2001125
2001127
2001128
2001129
2001132
2001135
2001136
2001138
2001140
2001142
2001144
2001145
2001146
2001148
2001149
2001154
2001157
2001159
2001161
2001162
2001163
2001165
2001166
2001167
2001171
2001175
2001177
2001180
2001181
2001183
2001186
2001187
2001189
2001191
2001194
2001196
2001197
2001199
2001200
2001201
2001202
2001203
2001207
2001209
2001210
2001211
2001212
2001213
2001214
2001222
2001223
2001227
2001229
2001232
2001233
2001234
2001236
2001237
2001238
2001240
2001241
2001242
2001243
2001244
2001245
2001247
2001248
2001250
2001253
2001254
2001255
2001256
2001257
2001258
2001259
2001261
2001262
2001263
2001264
2001266
2001267
2001268
2001269
2001271
2001275
2001276
2001277
2001280
2001281
2001282
2001283
2001284
2001285
2001286
2001287
2001288
2001289
2001291
2001294
2001295
2001296
2001297
2001298
2001300
2001301
2001302
2001303
2001304
2001305
2001306
2001308
2001309
2001312
2001315
2001319
2001320
2001321
2001323
2001326
2001327
2001328
2001330
2001331
2001332
2001334
2001336
2001337
2001339
2001340
2001341
2001343
2001345
2001347
2001349
2001350
2001351
2001353
2001354
2001356
2001357
2001358
2001359
2001360
2001361
2001362
2001364
2001366
2001369
2001371
2001372
2001378
2001380
2001383
2001384
2001388
2001390
2001392
2001397
2001398
2001403
2001406
2001407
2001408
2001409
2001410
2001411
2001416
2001420
2001421
2001424
2001427
2001428
2001434
2001436
2001438
2001439
2001444
2001445
2001448
2001452
2001456
2001459
2001461
2001462
2001463
2001464
2001466
2001467
2001469
2001470
2001471
2001477
2001481
2001484
2001487
2001488
2001489
2001491
2001493
2001498
2001502
2001503
2001505
2001510
2001512
2001516
2001517
2001519
2001520
2001524
2001529
2001532
2001533
2001534
2001535
2001537
2001539
2001540
2001541
2001542
2001544
2001546
2001547
2001548
2001555
2001556
2001558
2001560
2001561
2001564
2001567
2001569
2001572
2001574
2001576
2001578
2001579
2001581
2001582
2001585
2001595
2001596
2001599
2001603
2001604
2001605
2001609
2001611
2001614
2001615
2001616
2001617
2001623
2001624
2001625
2001628
2001632
2001633
2001637
2001639
2001641
2001645
2001650
2001654
2001655
2001659
2001668
2001669
2001670
2001672
2001673
2001674
2001678
2001679
2001683
2001684
2001686
2001687
2001690
2001691
2001692
2001693
2001698
2001700
2001702
2001708
2001711
2001712
2001715
2001716
2001719
2001721
2001723
2001724
2001726
2001731
2001732
2001734
2001735
2001737
2001746
2001748
2001754
2001755
2001760
2001764
2001765
2001768
2001771
2001776
2001778
2001780
2001782
2001783
2001786
2001788
2001791
2001792
2001794
2001795
2001796
2001801
2001805
2001811
2001815
2001819
2001826
2001828
2001832
2001836
2001838
2001841
2001843
2001844
2001849
2001852
2001853
2001859
2001874
2001877
2001881
2001887
2001889
2001890
2001901
2001902
2001903
2001910
2001911
2001922
2001930
2001936
2001939
2001940
2001947
2001952
2001953
2001958
2001960
2001961
2001963
2001969
2001970
2001973
2001984
2001985
2001994
2001999
2002003
2002007
2002008
2002009
2002010
2002016
2002025
2002032
2002040
2002043
2002046
2002052
2002058
2002067
2002068
2002069
2002091
2002097
2002103
2002104
2002108
2002109
2002111
2002114
2002115
2002116
2002120
2002127
2002132
2002137
2002140
2002142
2002145
2002147
2002152
2002153
2002158
2002163
2002165
2002173
2002180
2002182
2002183
2002184
2002192
2002193
2002196
2002197
2002203
2002204
2002206
2002208
2002214
2002217
2002218
2002219
2002222
2002224
2002228
2002235
2002237
2002239
2002240
2002244
2002245
2002246
2002248
2002249
2002251
2002255
2002258
2002263
2002264
2002266
2002269
2002270
2002271
2002291
2002295
2002296
2002297
2002307
2002310
2002311
2002312
2002315
2002320
2002321
2002323
2002324
2002325
2002326
2002330
2002332
2002333
2002336
2002342
2002345
2002347
2002352
2002356
2002361
2002372
2002374
2002375
2002376
2002378
2002379
2002387
2002390
2002393
2002394
2002395
2002404
2002405
2002407
2002408
2002413
2002414
2002421
2002426
2002428
2002439
2002443
2002444
2002448
2002450
2002458
2002461
2002464
2002465
2002466
2002474
2002476
2002483
2002489
2002492
2002494
2002505
2002517
2002519
2002520
2002524
2002525
2002531
2002533
2002534
2002542
2002550
2002559
2002563
2002569
2002570
2002573
2002576
2002582
2002587
2002612
2002613
2002617
2002621
2002630
2002632
2002634
2002651
2002657
2002659
2002666
2002667
2002670
2002672
2002688
2002696
2002697
2002702
2002707
2002708
2002718
2002724
2002725
2002731
2002734
2002747
2002760
2002765
2002774
2002781
2002793
2002803
2002813
2002816
2002826
2002829
2002835
2002846
2002848
2002856
2002865
2002879
2002882
2002891
2002892
2002906
2002908
2002909
2002918
2002932
2002933
2002934
2002945
2002951
2002957
2002959
2002967
2002976
2002979
2002983
2002996
2003012
2003015
2003021
2003024
2003025
2003028
2003036
2003037
2003044
2003045
2003046
2003054
2003061
2003062
2003078
2003089
2003092
2003094
2003095
2003097
2003106
2003109
2003118
2003128
2003132
2003134
2003139
2003140
2003141
2003150
2003152
2003156
2003157
2003162
2003171
2003176
2003179
2003202
2003208
2003222
2003223
2003224
2003230
2003237
2003246
2003248
2003254
2003256
2003259
2003262
2003273
2003278
2003291
2003300
2003310
2003318
2003325
2003327
2003330
2003333
2003339
2003342
2003345
2003346
2003368
2003369
2003372
2003389
2003396
2003405
2003415
2003419
2003425
2003431
2003438
2003442
2003471
2003475
2003476
2003495
2003501
2003502
2003507
2003514
2003522
2003526
2003543
2003550
2003556
2003560
2003561
2003565
2003568
2003571
2003577
2003578
2003584
2003614
2003615
2003622
2003631
2003641
2003642
2003647
2003649
2003650
2003655
2003660
2003666
2003667
2003687
2003693
2003694
2003727
2003728
2003730
2003731
2003735
2003747
2003751
2003754
2003759
2003761
2003766
2003768
2003776
2003784
2003803
2003811
2003812
2003815
2003829
2003843
2003845
2003846
2003859
2003866
2003871
2003899
2003902
2003906
2003915
2003923
2003925
2003939
2003957
2003966
2003967
2003971
2003976
2003978
2003981
2003990
2004003
2004004
2004014
2004041
2004045
2004049
2004071
2004091
2004093
2004110
2004112
2004131
2004135
2004140
2004144
2004157
2004162
2004169
2004174
2004186
2004192
2004196
2004201
2004208
2004209
2004211
2004223
2004224
2004226
2004230
2004236
2004250
2004266
2004292
2004315
2004317
2004318
2004349
2004368
2004379
2004381
2004424
2004431
2004436
2004438
2004446
2004449
2004460
2004495
2004521
2004522
2004547
2004554
2004603
2004609
2004617
2004663
2004672
2004712
2004730
2004732
2004746
2004768
2004772
2004837
2004840
2004843
2004848
2004860
2004870
2004889
2004891
2004896
2004907
2004930
2004932
2004959
2004967
2004973
2005017
2005022
2005024
2005036
2005070
2005092
2005133
2005153
2005192
2005193
2005249
2005262
2005263
2005295
2005301
2005316
2005336
2005337
2005360
2005361
2005362
2005368
2005374
2005435
2005438
2005439
2005450
2005457
2005461
2005468
2005495
2005505
2005528
2005567
2005572
2005576
2005592
2005594
2005603
2005651
2005661
2005670
2005704
2005711
2005733
2005757
2005771
2005780
2005832
2005833
2005839
2005849
2005852
2005883
2005889
2005914
2005919
2005922
2005928
2005931
2006038
2006039
2006052
2006057
2006079
2006103
2006137
2006144
2006174
2006222
2006237
2006338
2006343
2006349
2006350
2006355
2006359
2006362
2006371
2006372
2006374
2006392
2006432
2006462
2006475
2006546
2006570
2006574
2006619
2006720
2006724
2006785
2006794
2006850
2006862
2006869
2006924
2006925
2006983
2006984
2007027
2007102
2007131
2007142
2007167
2007174
2007215
2007217
2007253
2007284
2007286
2007305
2007331
2007366
2007394
2007458
2007466
2007496
2007501
2007536
2007574
2007588
2007605
2007611
2007612
2007635
2007895
2007950
2007965
2007999
2008027
2008030
2008066
2008067
2008086
2008130
2008174
2008188
2008340
2008376
2008478
2008550
2008721
2008866
2008889
2008915
2008917
2009043
2009072
2009141
2009228
2009247
2009338
2009402
2009661
2009714
2009829
2009936
2010007
2010143
2010259
2010291
2010314
2010388
2010422
2010465
2010583
2010608
2010610
2010672
2010766
2010840
2010864
2010889
2010938
2011004
2011221
2011388
2011536
2011542
2011569
2011875
2011911
2012003
2012115
2012214
2012235
2012365
2012559
2012562
2012583
2012742
2013035
2013244
2013249
2013297
2013561
2013808
2013832
2013851
2013860
2014195
2014220
2014274
2014394
2014962
2015066
2015102
2015136
2015153
2015161
2015231
2015249
2015278
2015410
2015505
2015514
2015562
2015615
2015638
2016018
2016029
2016035
2016133
2016213
2016461
2016467
2016583
2016785
2016786
2016927
2016970
2017109
2017252
2017297
2017305
2017428
2017445
2017839
2017871
2017973
2018052
2018150
2018169
2018219
2018331
2018399
2018827
2018895
2018996
2019028
2019615
2019646
2019737
2019752
2020001
2020038
2020097
2020210
2020602
2020635
2020707
2020713
2020718
2020734
2020743
2020762
2020898
2021224
2022044
2022097
2022177
2022185
2022279
2022754
2023030
2023099
2023174
2023186
2023687
2024127
2024388
2024440
2025306
2025869
2025977
2026325
2026369
2026382
2026482
2026718
2027226
2027321
2027396
2027561
2028385
2029538
2029555
2029564
2029595
2029665
2029769
2029943
2030482
2030545
2030724
2031539
2031817
2031822
2032253
2032532
2032536
2033743
2033800
2033997
2036289
2038548
2038613
2038701
2041397
2042195
2044566
2046564
2046670
2049630
2051291
2052872
2054808
2057108
2060558
2062128
2066187
2067246
2092233
2342842
2346889
2470430
3410920
2002060
2005145
2008405
2010199
2015789
2020000
2031824
2042355
2054598
2055576
2095626
2120061
2127546
2134340
2136204
2145486
2148975
2248835
2250112
2281371
2309139
2310071
2328884
2332685
2336756
2382004
2413666
3007282
3031823
3031899
3031933
3078880
3078916
3078919
3092445
3092453
3092454
3092511
3092461
3102795
3126202
3145527
3160777
3160761
3160801
3330211
3169275
3170275
3172335
3254536
3340114
3277438
3277443
3330235
3569038
3485899
3404094
3547316
3512266
3515797
3547934
3554395
3568420
3599920
3623980
3760651
2017415
2017416
2017418
2017420
2017423
2017424
2018281
2018282
2023549
2024452
2029196
2030508
2030698
2030792
2030793
2030806
2031037
2031814
2031820
2031821
2032356
2032370
2032420
2032430
2032471
2032794
2034298
2034835
2036922
2038257
2042277
2045822
2047956
2047959
2047964
2048249
2048604
2051339
2051344
2051348
2051357
2051362
2051994
2052273
2052275
2054581
2054582
2054596
2054638
2054643
2054645
2054646
2054652
2054653
2054655
2055441
2055460
2055496
2055676
2055678
2055702
2056951
2056962
2057644
2061610
2061896
2062201
2062692
2062714
2063923
2064270
2064326
2067548
2073641
2076804
2076809
2076819
2076820
2076834
2076835
2076836
2076837
2076838
2076840
2077891
2077894
2077897
2077902
2077916
2084709
2090380
2096295
2096337
2097893
2097973
2098037
2098116
2098139
2098143
2098361
2098362
2099306
2099311
2099323
2099327
2099328
2099368
2105685
2105720
2105746
2105803
2105896
2105901
2105904
2106001
2106060
2106091
2106160
2110380
2110563
2110829
2110832
2110859
2111113
2116134
2116567
2117389
2117395
2117423
2117446
2118815
2120453
2120454
2122581
2122733
2122862
2124985
2125048
2125062
2127532
2127534
2128301
2129130
2129135
2129140
2129144
2129147
2129153
2130588
2130592
2130687
2131460
2133566
2133853
2133862
2134077
2134251
2134269
2134329
2134419
2152297
2152519
2153107
2153122
2153141
2153155
2153500
2153708
2153758
2154989
2154990
2154992
2155332
2155337
2155415
2155786
2155789
2156125
2156185
2156188
2156210
2156237
2156293
2157469
2157470
2157740
2157741
2158601
2159340
2161916
2175129
2177655
2178268
2178291
2179190
2181665
2181751
2181773
2182121
2182163
2182176
2182178
2182445
2182506
2182541
2182625
2182627
2182647
2182666
2182669
2184274
2184284
2184287
2184306
2184829
2184937
2184977
2184980
2184983
2184988
2185486
2185490
2185492
2185666
2185906
2185919
2186128
2186272
2186544
2187018
2187020
2187021
2187436
2187456
2187469
2187474
2187475
2187479
2187607
2187724
2187755
2188020
2188026
2188053
2188247
2188837
2188845
2188942
2188966
2188976
2189215
2189377
2189386
2203865
2213180
2213351
2213360
2214508
2214511
2215110
2215331
2215340
2215530
2215542
2216034
2216876
2216881
2217548
2236974
2237710
2238623
2239521
2239903
2240914
2241099
2242843
2243453
2245279
2246108
2246114
2246527
2246530
2246534
2246891
2247102
2247297
2247315
2247323
2247341
2247351
2247653
2247946
2247969
2248183
2248189
2248238
2248550
2248575
2248670
2248976
2248979
2248985
2248986
2248990
2248991
2248996
2249180
2249212
2249225
2249237
2249465
2249476
2249545
2249995
2256505
2258239
2261763
2261774
2261781
2261791
2263012
2275681
2275682
2278163
2282192
2282198
2283173
2283396
2283401
2283419
2283424
2283512
2283549
2283560
2284046
2284047
2284217
2284226
2284433
2284436
2284454
2284459
2285223
2285658
2286106
2286110
2286114
2286227
2287454
2288282
2288316
2289285
2289501
2291255
2291276
2291297
2291301
2291316
2291327
2291385
2291557
2291807
2293370
2293386
2293418
2293486
2295021
2295153
2295170
2295199
2295226
2295256
2295315
2295326
2295336
2295340
2295347
2295395
2295431
2297019
2297047
2297048
2297049
2297052
2297057
2297059
2297442
2297692
2298614
2299491
2299511
2299523
2300250
2301002
2301005
2301010
2301753
2301760
2303999
2304770
2304774
2310016
2310047
2317078
2317142
2320047
2320556
2321716
2328883
2335509
2335567
2337638
2337804
2337860
2337880
2338372
2338858
2340322
2340342
2340348
2340360
2340396
2340912
2340948
2340992
2341004
2341017
2341854
2341861
2341863
2341869
2341870
2341880
2341894
2341919
2341923
2341928
2343586
2343627
2343628
2343634
2343642
2343644
2343993
2344004
2345407
2346245
2346255
2346885
2347098
2348312
2349496
2350006
2350009
2370105
2375211
2375241
2375244
2375257
2375259
2375265
2375669
2376867
2377224
2378592
2378617
2378620
2378654
2378686
2379143
2381148
2381419
2381422
2381987
2406732
2416502
2416708
2418258
2418986
2423099
2424618
2424632
2438682
2450501
2456094
2456117
2457150
2458140
2482087
2482088
2484225
2509144
2509634
2514762
3519135
2007214
2009713
2013185
2013331
2013387
2013790
2014518
2014792
2015529
2015913
2016152
2017874
2021602
2022049
2022503
2023144
2023152
2023706
2023710
2023947
2023963
2024225
2024340
2024341
2024426
2024539
2024882
2025911
2025937
2025938
2026486
2026510
2026763
2028960
2030510
2035363
2037281
2037714
2037715
2037716
2037789
2037790
2038574
2038585
2038596
2038598
2038614
2038617
2039284
2039285
2039287
2039289
2039362
2039463
2039691
2039692
2039693
2039793
2039794
2039795
2039798
2039803
2041268
2041342
2041350
2041353
2041355
2041359
2041417
2041426
2041427
2042168
2042179
2042182
2042200
2042230
2042555
2043212
2043706
2046676
2051405
2052645
2053469
2053477
2055571
2055574
2056355
2057910
2057915
2057920
2058096
2058366
2058475
2058478
2058479
2058480
2060313
2060399
2060401
2060421
2063176
2063231
2063234
2063239
2063257
2063265
2063278
2063284
2063286
2063287
2063291
2063292
2065194
2065206
2065224
2065225
2065227
2065228
2065229
2065232
2065243
2065245
2065250
2065281
2065811
2068725
2068766
2080638
2083978
2083980
2083984
2085394
2085498
2085822
2088227
2088245
2089829
2089858
2089918
2089922
2089924
2089934
2089935
2095569
2099464
2100475
2101612
2107178
2107804
2111736
2111819
2116954
2129207
2129602
2130190
2134767
2134965
2135540
2135547
2135593
2135594
2137954
2138981
2139009
2141577
2144840
2160140
2160528
2160534
2160661
2160856
2161017
2161018
2161044
2161701
2161717
2162047
2162352
2162380
2162388
2162396
2162822
2162851
2163135
2163155
2163189
2163216
2163238
2163240
2163256
2163263
2163702
2163731
2164208
2164212
2165551
2165569
2166136
2166148
2166211
2166230
2166351
2167686
2168033
2168362
2171433
2172819
2173084
2173086
2173117
2175471
2178387
2189859
2190005
2190229
2190264
2190268
2190294
2190309
2190311
2190351
2190353
2190442
2191114
2191116
2191913
2191915
2192217
2192222
2192224
2192343
2192389
2192442
2192929
2192938
2192964
2192966
2193641
2195153
2195188
2195218
2195273
2195284
2195287
2195308
2195309
2195312
2195318
2195324
2195412
2195415
2195467
2195490
2195495
2195505
2196408
2196440
2196488
2197586
2197593
2197619
2197620
2197630
2199791
2199792
2199793
2199796
2200022
2200023
2200024
2200028
2200032
2200035
2200037
2200042
2200046
2200069
2201040
2202756
2202797
2202824
2202854
2202855
2204619
2204911
2205380
2210237
2212694
2215243
2215407
2216419
2216421
2216462
2217612
2219057
2219141
2219958
2220318
2220351
2220356
2221542
2221912
2221916
2222821
2222840
2222847
2222854
2222859
2222861
2223251
2223268
2223272
2223631
2224782
2224792
2225210
2225212
2225213
2225214
2225216
2225222
2225227
2225228
2225294
2225623
2225624
2225632
2225984
2225993
2226027
2226036
2226067
2226355
2226691
2227759
2228005
2228006
2228007
2228008
2228009
2228090
2228097
2228106
2228114
2228115
2228116
2228125
2228140
2228148
2228155
2229808
2229822
2229851
2229859
2229902
2229998
2231620
2231631
2231666
2233578
2233600
2233683
2233827
2233915
2233925
2236878
2237035
2237338
2241573
2241576
2241581
2241582
2241589
2241643
2241754
2241958
2242177
2242597
2242624
2242917
2243084
2243088
2243159
2243314
2243316
2243318
2243322
2243323
2243325
2243334
2243460
2243479
2243484
2243490
2243494
2243496
2243499
2243501
2243504
2243509
2246145
2246147
2246546
2246550
2246560
2246831
2246833
2249005
2249032
2249247
2249256
2249258
2249481
2249486
2251536
2251701
2251702
2252737
2252849
2253330
2253380
2253382
2254079
2254669
2254682
2256553
2257201
2257203
2257206
2257399
2257409
2257505
2258624
2258683
2258762
2259361
2260726
2263078
2263792
2263797
2263802
2263804
2263814
2263816
2263822
2263828
2263831
2264048
2264065
2264066
2264076
2264094
2264109
2264110
2264120
2264121
2264125
2264130
2264132
2264134
2264135
2264139
2264141
2264144
2264145
2264147
2264153
2264154
2264155
2264156
2264164
2264166
2264387
2264770
2266647
2266791
2266869
2266982
2266992
2266995
2266996
2267099
2269327
2269464
2269620
2269621
2272124
2274566
2274634
2274651
2274675
2274870
2274988
2275006
2275007
2275059
2275116
2275137
2275278
2275279
2275324
2275342
2279487
2285180
2286575
2289861
2294132
2294159
2295481
2295504
2295509
2295520
2295527
2295529
2295531
2295627
2295630
2295634
2295653
2295686
2295701
2295746
2296592
2296634
2296711
2296745
2296757
2296763
2296777
2296786
2296793
2296809
2296887
2297163
2297178
2301037
2301579
2301580
2306001
2308314
2310027
2310110
2310382
2310432
2310433
2310641
2310666
2310670
2310872
2311615
2312457
2312459
2312461
2312471
2312474
2312476
2312478
2312480
2312482
2312609
2312626
2312631
2312633
2312634
2312638
2312639
2312640
2312641
2312642
2312643
2312700
2312773
2312778
2312782
2312788
2312804
2312948
2313024
2313142
2313303
2313323
2313357
2313896
2315195
2315208
2315368
2315903
2315910
2315911
2315934
2315936
2315940
2316119
2316130
2316141
2316144
2316147
2316152
2316153
2316158
2316161
2316165
2316170
2316173
2316175
2316176
2316177
2316553
2317287
2318101
2320302
2321067
2321074
2321078
2321112
2321113
2321115
2321377
2321406
2321584
2321590
2321597
2321604
2321610
2321611
2321613
2321652
2321656
2321657
2321674
2321676
2322316
2325374
2325679
2325695
2328877
2328878
2331050
2331107
2337997
2343174
2344435
2348787
2350055
2352662
2353185
2353215
2353218
2353227
2353228
2353364
2353971
2354351
2355269
2355270
2355760
2355765
2356245
2356257
2356259
2356261
2356264
2356265
2356275
2356279
2356284
2356897
2356987
2357656
2358976
2359352
2359361
2359368
2385340
2387608
2388903
2388935
2389418
2392224
2394821
2395140
2395166
2395695
2398122
2425348
2428940
2430851
2432288
2432340
2432377
2432428
2432611
2436069
2436157
2436241
2436247
2436255
2436388
2467779
2467801
2471078
3485830
3479382
3530440
3490004
3485569
3526059
3530760
3530906
3531269
3531646
3533174
3542942
3531783
3543242
3513891
3550846
3551390
3552170
3552206
3553473
3554408
2000157
2000244
2000254
2000262
2000281
2000291
2000299
2000317
2000341
2000343
2000353
2000391
2000421
2000422
2000433
2000437
2000440
2000452
2000457
2000460
2000473
2000496
2000502
2000518
2000531
2000540
2000548
2000549
2000571
2000575
2000587
2000603
2000610
2000620
2000630
2000632
2000644
2000650
2000652
2000684
2000685
2000689
2000700
2000716
2000736
2000749
2000770
2000782
2000800
2000811
2000812
2000813
2000815
2000823
2000825
2000832
2000851
2000855
2000857
2000865
2000870
2000875
2000879
2000881
2000889
2000896
2000898
2000900
2000901
2000905
2000913
2000915
2000922
2000929
2000937
2000939
2000941
2000948
2000950
2000951
2000955
2000956
2000964
2000967
2000969
2000989
2000993
2000999
2001007
2001014
2001018
2001020
2001033
2001044
2001047
2001055
2001056
2001058
2001063
2001078
2001088
2001089
2001090
2001094
2001100
2001106
2001110
2001117
2001120
2001121
2001122
2001123
2001126
2001130
2001137
2001147
2001151
2001152
2001158
2001160
2001168
2001170
2001174
2001176
2001178
2001179
2001182
2001184
2001188
2001190
2001193
2001206
2001215
2001216
2001220
2001224
2001226
2001228
2001231
2001239
2001246
2001249
2001251
2001252
2001260
2001265
2001278
2001292
2001299
2001313
2001317
2001318
2001325
2001329
2001333
2001342
2001346
2001348
2001352
2001363
2001365
2001368
2001373
2001375
2001379
2001381
2001382
2001385
2001386
2001389
2001391
2001393
2001395
2001396
2001400
2001402
2001413
2001414
2001417
2001418
2001419
2001423
2001425
2001426
2001431
2001433
2001435
2001440
2001441
2001442
2001443
2001447
2001450
2001457
2001458
2001465
2001473
2001479
2001482
2001483
2001485
2001490
2001492
2001495
2001497
2001499
2001501
2001504
2001506
2001511
2001521
2001525
2001527
2001528
2001531
2001543
2001545
2001549
2001550
2001551
2001552
2001553
2001554
2001557
2001559
2001568
2001570
2001571
2001584
2001586
2001587
2001588
2001589
2001590
2001591
2001592
2001594
2001597
2001606
2001607
2001612
2001613
2001618
2001621
2001626
2001630
2001635
2001638
2001642
2001644
2001646
2001649
2001658
2001660
2001663
2001665
2001675
2001677
2001680
2001681
2001688
2001689
2001694
2001695
2001697
2001701
2001705
2001714
2001722
2001725
2001728
2001730
2001740
2001741
2001742
2001743
2001745
2001751
2001753
2001756
2001757
2001762
2001766
2001767
2001770
2001774
2001775
2001777
2001784
2001787
2001799
2001802
2001808
2001809
2001812
2001813
2001817
2001824
2001833
2001834
2001835
2001840
2001845
2001846
2001847
2001848
2001851
2001858
2001860
2001861
2001875
2001878
2001880
2001882
2001888
2001891
2001893
2001894
2001895
2001898
2001904
2001907
2001908
2001909
2001912
2001913
2001918
2001923
2001924
2001926
2001927
2001937
2001941
2001942
2001954
2001956
2001957
2001962
2001965
2001968
2001971
2001974
2001975
2001977
2001983
2001986
2001987
2001995
2001996
2001998
2002000
2002002
2002012
2002013
2002015
2002020
2002022
2002023
2002026
2002027
2002038
2002039
2002041
2002051
2002053
2002054
2002057
2002064
2002065
2002066
2002081
2002082
2002084
2002085
2002089
2002090
2002094
2002096
2002098
2002105
2002106
2002107
2002117
2002118
2002122
2002123
2002124
2002125
2002136
2002138
2002139
2002141
2002144
2002149
2002151
2002154
2002157
2002159
2002160
2002161
2002164
2002169
2002176
2002177
2002179
2002181
2002185
2002186
2002187
2002188
2002190
2002191
2002205
2002209
2002211
2002215
2002216
2002220
2002225
2002226
2002230
2002231
2002232
2002238
2002250
2002252
2002256
2002259
2002265
2002268
2002276
2002277
2002278
2002279
2002288
2002289
2002290
2002292
2002294
2002300
2002301
2002302
2002303
2002304
2002305
2002306
2002308
2002309
2002313
2002316
2002319
2002322
2002328
2002338
2002344
2002346
2002349
2002353
2002354
2002355
2002358
2002364
2002365
2002369
2002370
2002377
2002381
2002382
2002384
2002386
2002388
2002391
2002392
2002396
2002397
2002400
2002412
2002415
2002416
2002417
2002418
2002425
2002429
2002430
2002433
2002434
2002436
2002446
2002451
2002452
2002453
2002455
2002457
2002459
2002463
2002469
2002470
2002471
2002475
2002477
2002485
2002490
2002498
2002499
2002501
2002502
2002504
2002506
2002507
2002509
2002522
2002523
2002526
2002528
2002530
2002541
2002543
2002546
2002548
2002549
2002551
2002553
2002555
2002560
2002561
2002562
2002567
2002574
2002578
2002591
2002592
2002595
2002596
2002597
2002598
2002599
2002600
2002601
2002603
2002604
2002605
2002606
2002615
2002618
2002622
2002626
2002627
2002631
2002636
2002638
2002645
2002646
2002649
2002650
2002654
2002658
2002662
2002664
2002669
2002673
2002675
2002677
2002679
2002681
2002683
2002684
2002685
2002686
2002687
2002690
2002692
2002695
2002698
2002699
2002700
2002701
2002706
2002711
2002713
2002715
2002721
2002722
2002723
2002726
2002728
2002729
2002730
2002732
2002737
2002739
2002740
2002741
2002742
2002749
2002752
2002753
2002755
2002757
2002758
2002761
2002767
2002769
2002771
2002773
2002776
2002778
2002782
2002786
2002787
2002792
2002800
2002801
2002802
2002804
2002805
2002806
2002807
2002808
2002809
2002811
2002817
2002834
2002836
2002837
2002842
2002849
2002852
2002861
2002863
2002864
2002866
2002868
2002870
2002872
2002878
2002889
2002894
2002898
2002900
2002903
2002904
2002905
2002907
2002911
2002913
2002919
2002921
2002924
2002928
2002929
2002931
2002938
2002946
2002948
2002950
2002953
2002962
2002973
2002978
2002981
2002982
2002984
2002985
2002986
2002987
2002988
2002990
2002992
2002993
2002995
2003003
2003007
2003010
2003011
2003013
2003017
2003019
2003020
2003026
2003027
2003032
2003035
2003049
2003051
2003052
2003064
2003065
2003066
2003071
2003080
2003082
2003088
2003090
2003093
2003096
2003099
2003104
2003112
2003115
2003119
2003120
2003123
2003124
2003125
2003126
2003130
2003136
2003146
2003147
2003148
2003151
2003161
2003164
2003167
2003168
2003177
2003178
2003183
2003184
2003185
2003186
2003189
2003194
2003196
2003197
2003204
2003205
2003210
2003213
2003214
2003215
2003219
2003228
2003231
2003232
2003234
2003235
2003238
2003241
2003243
2003245
2003247
2003251
2003261
2003264
2003267
2003269
2003274
2003275
2003276
2003277
2003283
2003290
2003292
2003294
2003295
2003296
2003297
2003298
2003305
2003308
2003311
2003312
2003316
2003319
2003324
2003326
2003328
2003329
2003332
2003335
2003341
2003347
2003348
2003349
2003353
2003357
2003358
2003365
2003366
2003371
2003379
2003383
2003395
2003399
2003406
2003407
2003409
2003418
2003420
2003426
2003428
2003432
2003434
2003440
2003441
2003445
2003449
2003450
2003457
2003460
2003463
2003467
2003468
2003469
2003470
2003472
2003479
2003482
2003485
2003492
2003497
2003499
2003504
2003505
2003506
2003513
2003516
2003525
2003532
2003538
2003541
2003542
2003545
2003552
2003559
2003563
2003566
2003567
2003570
2003575
2003582
2003585
2003587
2003591
2003597
2003598
2003599
2003601
2003604
2003609
2003611
2003612
2003618
2003620
2003621
2003625
2003626
2003627
2003630
2003637
2003638
2003645
2003652
2003663
2003670
2003675
2003682
2003683
2003684
2003685
2003686
2003689
2003692
2003696
2003702
2003705
2003710
2003712
2003713
2003714
2003717
2003721
2003724
2003726
2003729
2003733
2003736
2003744
2003745
2003746
2003750
2003767
2003772
2003774
2003775
2003779
2003780
2003785
2003786
2003787
2003789
2003790
2003791
2003796
2003797
2003799
2003805
2003814
2003816
2003819
2003820
2003821
2003823
2003827
2003828
2003830
2003832
2003844
2003847
2003852
2003856
2003860
2003870
2003872
2003876
2003878
2003881
2003883
2003884
2003885
2003886
2003889
2003893
2003895
2003896
2003897
2003898
2003901
2003904
2003909
2003911
2003914
2003916
2003921
2003922
2003924
2003930
2003932
2003933
2003937
2003945
2003946
2003947
2003955
2003961
2003962
2003979
2003980
2003983
2003985
2003987
2003992
2003994
2003999
2004000
2004006
2004009
2004013
2004018
2004024
2004026
2004036
2004040
2004043
2004044
2004046
2004047
2004050
2004052
2004054
2004058
2004059
2004061
2004073
2004074
2004075
2004077
2004078
2004079
2004084
2004094
2004098
2004100
2004102
2004103
2004105
2004107
2004108
2004115
2004118
2004119
2004120
2004124
2004130
2004136
2004139
2004141
2004143
2004149
2004151
2004152
2004153
2004156
2004158
2004159
2004161
2004163
2004164
2004167
2004170
2004173
2004176
2004177
2004178
2004182
2004187
2004193
2004194
2004198
2004203
2004207
2004210
2004212
2004219
2004220
2004221
2004231
2004234
2004235
2004242
2004243
2004244
2004245
2004247
2004255
2004265
2004274
2004277
2004284
2004286
2004288
2004290
2004291
2004293
2004298
2004301
2004312
2004313
2004321
2004324
2004326
2004327
2004332
2004337
2004342
2004343
2004344
2004346
2004347
2004350
2004352
2004353
2004354
2004356
2004357
2004360
2004361
2004366
2004369
2004378
2004380
2004385
2004386
2004389
2004390
2004393
2004395
2004405
2004406
2004409
2004410
2004412
2004417
2004420
2004426
2004427
2004439
2004442
2004448
2004452
2004453
2004454
2004455
2004457
2004458
2004461
2004462
2004463
2004465
2004466
2004467
2004470
2004471
2004473
2004474
2004484
2004485
2004492
2004493
2004498
2004499
2004500
2004502
2004505
2004507
2004509
2004512
2004513
2004523
2004524
2004525
2004526
2004529
2004530
2004532
2004534
2004537
2004540
2004542
2004545
2004550
2004557
2004559
2004560
2004561
2004562
2004566
2004567
2004568
2004571
2004573
2004574
2004576
2004577
2004578
2004582
2004583
2004584
2004585
2004588
2004592
2004593
2004597
2004598
2004599
2004600
2004611
2004613
2004615
2004616
2004622
2004624
2004627
2004628
2004633
2004642
2004645
2004647
2004648
2004649
2004657
2004658
2004662
2004665
2004668
2004673
2004677
2004679
2004681
2004683
2004685
2004687
2004695
2004701
2004714
2004716
2004717
2004719
2004723
2004725
2004731
2004740
2004741
2004744
2004745
2004747
2004748
2004749
2004751
2004752
2004756
2004758
2004759
2004763
2004771
2004778
2004779
2004782
2004790
2004793
2004800
2004801
2004803
2004804
2004808
2004813
2004814
2004821
2004831
2004838
2004846
2004854
2004856
2004864
2004866
2004873
2004879
2004897
2004903
2004914
2004915
2004916
2004918
2004925
2004934
2004940
2004941
2004944
2004952
2004954
2004955
2004958
2004960
2004961
2004963
2004966
2004972
2004975
2004976
2004980
2004985
2004998
2004999
2005006
2005013
2005014
2005021
2005029
2005039
2005042
2005043
2005048
2005053
2005055
2005057
2005061
2005065
2005068
2005071
2005074
2005079
2005081
2005082
2005084
2005087
2005088
2005091
2005097
2005100
2005101
2005102
2005103
2005105
2005106
2005107
2005115
2005116
2005128
2005132
2005134
2005136
2005138
2005139
2005140
2005151
2005154
2005155
2005157
2005162
2005166
2005167
2005170
2005176
2005185
2005186
2005190
2005191
2005197
2005198
2005204
2005212
2005213
2005215
2005216
2005219
2005221
2005222
2005223
2005225
2005228
2005229
2005231
2005232
2005234
2005237
2005239
2005241
2005243
2005255
2005256
2005265
2005266
2005274
2005281
2005290
2005293
2005294
2005296
2005299
2005304
2005314
2005320
2005322
2005327
2005329
2005330
2005333
2005339
2005344
2005346
2005347
2005348
2005354
2005357
2005358
2005364
2005367
2005371
2005382
2005385
2005397
2005398
2005399
2005400
2005403
2005406
2005411
2005413
2005416
2005418
2005419
2005420
2005422
2005429
2005434
2005441
2005443
2005446
2005447
2005449
2005454
2005458
2005467
2005469
2005470
2005471
2005480
2005483
2005484
2005488
2005489
2005492
2005497
2005506
2005508
2005516
2005519
2005520
2005524
2005532
2005539
2005541
2005548
2005550
2005555
2005556
2005563
2005565
2005566
2005570
2005571
2005573
2005588
2005591
2005609
2005613
2005614
2005616
2005619
2005623
2005625
2005628
2005629
2005632
2005644
2005650
2005654
2005658
2005666
2005676
2005685
2005687
2005696
2005697
2005698
2005706
2005709
2005714
2005715
2005729
2005742
2005749
2005750
2005755
2005760
2005769
2005770
2005778
2005779
2005788
2005792
2005794
2005800
2005801
2005803
2005807
2005808
2005814
2005815
2005820
2005825
2005826
2005831
2005834
2005837
2005845
2005854
2005855
2005866
2005880
2005884
2005885
2005886
2005898
2005900
2005902
2005913
2005917
2005920
2005924
2005927
2005936
2005940
2005942
2005944
2005947
2005950
2005956
2005957
2005959
2005963
2005964
2005974
2005975
2005976
2005977
2005979
2005994
2006000
2006009
2006019
2006025
2006026
2006031
2006033
2006056
2006062
2006067
2006072
2006075
2006076
2006080
2006106
2006113
2006118
2006124
2006128
2006129
2006135
2006136
2006150
2006153
2006156
2006161
2006166
2006168
2006169
2006175
2006187
2006188
2006212
2006214
2006215
2006220
2006221
2006223
2006227
2006229
2006230
2006236
2006241
2006248
2006254
2006255
2006260
2006279
2006283
2006287
2006289
2006297
2006300
2006301
2006306
2006309
2006320
2006325
2006327
2006328
2006332
2006337
2006340
2006341
2006345
2006346
2006351
2006353
2006357
2006364
2006365
2006366
2006375
2006378
2006379
2006383
2006385
2006390
2006400
2006404
2006408
2006410
2006415
2006416
2006419
2006420
2006423
2006424
2006425
2006439
2006459
2006463
2006464
2006465
2006467
2006472
2006473
2006476
2006477
2006479
2006505
2006508
2006509
2006518
2006531
2006532
2006534
2006541
2006548
2006553
2006557
2006575
2006576
2006582
2006583
2006593
2006598
2006603
2006606
2006609
2006613
2006618
2006621
2006622
2006631
2006634
2006639
2006642
2006643
2006644
2006645
2006654
2006655
2006656
2006661
2006665
2006671
2006673
2006674
2006676
2006677
2006697
2006700
2006702
2006704
2006710
2006716
2006717
2006721
2006722
2006723
2006732
2006733
2006734
2006739
2006747
2006748
2006758
2006759
2006770
2006777
2006782
2006786
2006796
2006800
2006802
2006805
2006810
2006813
2006824
2006830
2006832
2006838
2006848
2006860
2006861
2006866
2006868
2006879
2006883
2006890
2006895
2006905
2006906
2006907
2006912
2006916
2006930
2006933
2006934
2006937
2006952
2006953
2006955
2006960
2006975
2006989
2006990
2006992
2006993
2006996
2007003
2007019
2007024
2007029
2007035
2007036
2007037
2007038
2007046
2007050
2007051
2007064
2007065
2007067
2007069
2007076
2007077
2007081
2007083
2007085
2007099
2007108
2007110
2007112
2007113
2007114
2007118
2007124
2007127
2007128
2007143
2007156
2007158
2007181
2007182
2007183
2007186
2007191
2007192
2007200
2007222
2007226
2007231
2007246
2007252
2007270
2007275
2007278
2007279
2007282
2007287
2007291
2007299
2007303
2007308
2007314
2007320
2007322
2007323
2007338
2007339
2007347
2007353
2007359
2007378
2007382
2007384
2007388
2007402
2007404
2007405
2007410
2007411
2007412
2007413
2007414
2007415
2007417
2007432
2007442
2007450
2007452
2007454
2007457
2007461
2007469
2007472
2007476
2007481
2007483
2007485
2007489
2007491
2007498
2007499
2007504
2007512
2007519
2007522
2007533
2007535
2007548
2007551
2007554
2007563
2007571
2007573
2007582
2007585
2007586
2007595
2007596
2007607
2007616
2007617
2007623
2007626
2007636
2007639
2007650
2007652
2007662
2007667
2007680
2007692
2007694
2007710
2007711
2007718
2007727
2007730
2007731
2007745
2007746
2007750
2007755
2007756
2007764
2007782
2007793
2007796
2007797
2007812
2007814
2007817
2007834
2007835
2007836
2007837
2007838
2007843
2007845
2007856
2007857
2007859
2007863
2007864
2007868
2007874
2007875
2007880
2007887
2007892
2007896
2007909
2007922
2007924
2007925
2007926
2007927
2007928
2007935
2007941
2007942
2007943
2007944
2007949
2007951
2007956
2007969
2007975
2007979
2007984
2007991
2007992
2007994
2008000
2008001
2008008
2008010
2008028
2008029
2008036
2008044
2008045
2008048
2008059
2008062
2008064
2008075
2008076
2008083
2008084
2008085
2008087
2008090
2008095
2008106
2008117
2008126
2008128
2008133
2008146
2008150
2008157
2008161
2008169
2008172
2008181
2008184
2008189
2008203
2008204
2008226
2008227
2008229
2008233
2008239
2008247
2008261
2008281
2008282
2008284
2008292
2008294
2008314
2008316
2008318
2008319
2008321
2008322
2008323
2008325
2008329
2008330
2008336
2008337
2008339
2008346
2008350
2008354
2008362
2008363
2008364
2008374
2008375
2008380
2008385
2008389
2008390
2008409
2008410
2008415
2008423
2008427
2008429
2008432
2008434
2008439
2008443
2008445
2008449
2008450
2008453
2008456
2008459
2008475
2008480
2008482
2008486
2008487
2008489
2008494
2008496
2008512
2008513
2008517
2008518
2008520
2008531
2008535
2008537
2008538
2008560
2008561
2008563
2008564
2008565
2008573
2008578
2008579
2008580
2008582
2008584
2008585
2008586
2008590
2008591
2008614
2008619
2008620
2008628
2008641
2008660
2008661
2008662
2008673
2008680
2008681
2008682
2008700
2008701
2008708
2008710
2008711
2008712
2008717
2008720
2008726
2008735
2008737
2008744
2008746
2008747
2008755
2008756
2008766
2008770
2008773
2008776
2008786
2008787
2008795
2008803
2008804
2008810
2008812
2008813
2008814
2008823
2008824
2008826
2008828
2008829
2008830
2008832
2008833
2008835
2008838
2008839
2008844
2008845
2008848
2008851
2008861
2008872
2008881
2008888
2008891
2008892
2008901
2008902
2008906
2008908
2008910
2008911
2008912
2008913
2008914
2008934
2008941
2008943
2008950
2008951
2008962
2008963
2008965
2008968
2008971
2008976
2008983
2008986
2008988
2008990
2009003
2009004
2009005
2009012
2009015
2009021
2009026
2009028
2009033
2009034
2009037
2009039
2009057
2009080
2009090
2009092
2009096
2009097
2009099
2009107
2009112
2009123
2009132
2009144
2009164
2009167
2009180
2009190
2009192
2009195
2009201
2009203
2009205
2009209
2009219
2009222
2009240
2009241
2009252
2009271
2009278
2009293
2009294
2009298
2009310
2009321
2009326
2009327
2009330
2009340
2009344
2009352
2009364
2009378
2009384
2009385
2009386
2009396
2009406
2009409
2009410
2009411
2009414
2009423
2009428
2009444
2009446
2009449
2009451
2009457
2009464
2009467
2009470
2009480
2009503
2009513
2009515
2009516
2009522
2009537
2009540
2009544
2009550
2009552
2009557
2009559
2009562
2009608
2009609
2009610
2009633
2009645
2009657
2009660
2009664
2009669
2009670
2009672
2009675
2009706
2009711
2009715
2009719
2009742
2009759
2009788
2009789
2009797
2009798
2009806
2009827
2009834
2009837
2009838
2009840
2009845
2009853
2009858
2009860
2009864
2009915
2009918
2009920
2009935
2009968
2009970
2009976
2009984
2009991
2010018
2010019
2010026
2010030
2010034
2010039
2010043
2010045
2010046
2010050
2010061
2010065
2010069
2010080
2010085
2010095
2010096
2010099
2010105
2010119
2010120
2010121
2010122
2010142
2010146
2010147
2010148
2010171
2010191
2010195
2010223
2010226
2010227
2010235
2010241
2010258
2010261
2010262
2010263
2010264
2010266
2010269
2010281
2010287
2010289
2010293
2010296
2010299
2010305
2010316
2010331
2010336
2010338
2010343
2010354
2010369
2010379
2010386
2010396
2010409
2010410
2010414
2010415
2010417
2010420
2010442
2010444
2010449
2010453
2010463
2010478
2010485
2010489
2010490
2010495
2010505
2010506
2010509
2010513
2010514
2010533
2010539
2010540
2010551
2010554
2010555
2010561
2010565
2010579
2010582
2010593
2010597
2010601
2010604
2010606
2010611
2010623
2010624
2010625
2010628
2010631
2010632
2010637
2010638
2010642
2010645
2010654
2010658
2010668
2010670
2010681
2010688
2010689
2010694
2010699
2010711
2010714
2010716
2010727
2010748
2010751
2010765
2010769
2010773
2010779
2010791
2010792
2010793
2010794
2010795
2010806
2010807
2010809
2010810
2010813
2010816
2010817
2010856
2010862
2010865
2010883
2010885
2010886
2010888
2010890
2010894
2010908
2010919
2010920
2010923
2010926
2010928
2010929
2010931
2010934
2010936
2010937
2010944
2010946
2010949
2010952
2010967
2010998
2011014
2011017
2011020
2011021
2011029
2011048
2011052
2011063
2011065
2011071
2011078
2011082
2011095
2011096
2011110
2011132
2011137
2011147
2011153
2011157
2011181
2011182
2011183
2011184
2011188
2011193
2011196
2011204
2011205
2011213
2011218
2011232
2011255
2011258
2011263
2011267
2011287
2011288
2011295
2011301
2011309
2011340
2011352
2011358
2011375
2011385
2011386
2011389
2011390
2011393
2011394
2011408
2011409
2011416
2011421
2011424
2011427
2011440
2011446
2011456
2011465
2011477
2011479
2011502
2011505
2011513
2011517
2011518
2011521
2011549
2011562
2011567
2011570
2011587
2011590
2011607
2011609
2011610
2011615
2011616
2011618
2011621
2011644
2011652
2011653
2011658
2011659
2011664
2011670
2011683
2011684
2011713
2011717
2011726
2011729
2011731
2011732
2011738
2011739
2011742
2011750
2011766
2011768
2011770
2011774
2011776
2011784
2011785
2011793
2011794
2011825
2011831
2011844
2011845
2011860
2011861
2011889
2011898
2011899
2011909
2011921
2011939
2011940
2011946
2011950
2011951
2011971
2011987
2011989
2011990
2011995
2012001
2012004
2012005
2012006
2012029
2012033
2012039
2012042
2012043
2012046
2012080
2012098
2012104
2012109
2012112
2012114
2012116
2012125
2012127
2012129
2012135
2012168
2012175
2012183
2012211
2012234
2012253
2012254
2012273
2012281
2012283
2012284
2012291
2012315
2012316
2012317
2012349
2012352
2012357
2012358
2012359
2012360
2012362
2012377
2012380
2012383
2012387
2012389
2012395
2012396
2012442
2012445
2012481
2012507
2012535
2012544
2012546
2012549
2012552
2012554
2012560
2012565
2012566
2012569
2012570
2012600
2012625
2012662
2012690
2012697
2012712
2012713
2012738
2012743
2012759
2012764
2012765
2012766
2012767
2012782
2012819
2012847
2012849
2012882
2012884
2012887
2012888
2012894
2012896
2012902
2012905
2012911
2012918
2012922
2012926
2012937
2012949
2012966
2012983
2013010
2013013
2013023
2013029
2013084
2013086
2013093
2013119
2013123
2013148
2013176
2013179
2013180
2013219
2013220
2013224
2013228
2013291
2013295
2013296
2013314
2013317
2013329
2013330
2013348
2013355
2013356
2013363
2013364
2013367
2013369
2013376
2013378
2013381
2013384
2013386
2013389
2013391
2013399
2013416
2013420
2013423
2013425
2013429
2013436
2013446
2013453
2013464
2013482
2013485
2013486
2013488
2013493
2013509
2013512
2013534
2013536
2013537
2013555
2013559
2013565
2013566
2013567
2013568
2013589
2013614
2013618
2013619
2013641
2013649
2013684
2013686
2013690
2013720
2013739
2013741
2013744
2013754
2013759
2013794
2013795
2013804
2013805
2013809
2013810
2013811
2013812
2013815
2013817
2013820
2013823
2013842
2013856
2013859
2013874
2013883
2013890
2013897
2013904
2013913
2013914
2013917
2013931
2013933
2013936
2013945
2013948
2013962
2013964
2013968
2013979
2013980
2013983
2013986
2014006
2014009
2014012
2014035
2014037
2014039
2014072
2014075
2014076
2014077
2014099
2014104
2014113
2014120
2014165
2014167
2014168
2014171
2014181
2014186
2014190
2014194
2014206
2014207
2014208
2014213
2014227
2014241
2014248
2014249
2014255
2014264
2014315
2014316
2014341
2014342
2014346
2014349
2014360
2014380
2014389
2014390
2014406
2014409
2014410
2014424
2014426
2014428
2014446
2014448
2014451
2014456
2014465
2014478
2014479
2014492
2014495
2014519
2014535
2014551
2014554
2014556
2014564
2014566
2014569
2014612
2014622
2014625
2014631
2014634
2014648
2014649
2014651
2014654
2014658
2014664
2014669
2014672
2014691
2014692
2014699
2014705
2014709
2014715
2014716
2014717
2014722
2014723
2014725
2014726
2014736
2014739
2014740
2014758
2014771
2014789
2014790
2014795
2014796
2014811
2014818
2014822
2014826
2014836
2014845
2014867
2014877
2014885
2014889
2014902
2014942
2014963
2014988
2014991
2014995
2015013
2015050
2015056
2015061
2015073
2015074
2015082
2015085
2015092
2015097
2015101
2015104
2015108
2015110
2015114
2015119
2015123
2015127
2015134
2015147
2015156
2015163
2015172
2015185
2015188
2015190
2015191
2015200
2015213
2015222
2015225
2015235
2015245
2015256
2015258
2015261
2015262
2015269
2015285
2015290
2015292
2015305
2015314
2015373
2015376
2015393
2015412
2015418
2015422
2015426
2015428
2015445
2015450
2015451
2015454
2015457
2015463
2015478
2015482
2015483
2015485
2015487
2015488
2015489
2015494
2015498
2015515
2015518
2015519
2015532
2015534
2015540
2015541
2015545
2015580
2015601
2015602
2015611
2015616
2015621
2015626
2015636
2015637
2015652
2015654
2015656
2015659
2015671
2015675
2015677
2015698
2015707
2015712
2015720
2015725
2015731
2015732
2015735
2015747
2015748
2015751
2015752
2015753
2015763
2015766
2015767
2015771
2015785
2015804
2015811
2015844
2015848
2015850
2015877
2015878
2015917
2015923
2015929
2015931
2015939
2015941
2015945
2015948
2015951
2015952
2015954
2015965
2015966
2015967
2015968
2015974
2015975
2015979
2016009
2016015
2016031
2016037
2016038
2016039
2016041
2016045
2016046
2016050
2016054
2016057
2016059
2016061
2016066
2016067
2016081
2016086
2016115
2016117
2016134
2016151
2016153
2016156
2016159
2016162
2016171
2016179
2016181
2016183
2016194
2016195
2016200
2016208
2016216
2016218
2016228
2016232
2016235
2016240
2016243
2016257
2016272
2016277
2016278
2016279
2016285
2016300
2016314
2016331
2016332
2016346
2016356
2016368
2016369
2016375
2016408
2016413
2016415
2016433
2016438
2016445
2016446
2016447
2016449
2016450
2016454
2016457
2016458
2016466
2016481
2016485
2016489
2016509
2016515
2016522
2016542
2016546
2016549
2016563
2016565
2016568
2016572
2016592
2016593
2016597
2016599
2016614
2016622
2016623
2016628
2016630
2016662
2016663
2016671
2016683
2016689
2016708
2016711
2016712
2016713
2016718
2016722
2016781
2016784
2016792
2016794
2016843
2016844
2016853
2016876
2016878
2016885
2016892
2016893
2016895
2016897
2016900
2016910
2016913
2016915
2016921
2016922
2016923
2016924
2016928
2016930
2016931
2016935
2016936
2016941
2016942
2016945
2016948
2016953
2016955
2016968
2017062
2017087
2017100
2017106
2017111
2017114
2017117
2017137
2017146
2017150
2017153
2017154
2017156
2017161
2017164
2017165
2017166
2017167
2017175
2017184
2017203
2017206
2017212
2017213
2017216
2017230
2017239
2017250
2017254
2017264
2017266
2017270
2017276
2017283
2017289
2017308
2017346
2017349
2017357
2017370
2017371
2017389
2017397
2017398
2017413
2017427
2017430
2017437
2017440
2017443
2017463
2017470
2017491
2017520
2017529
2017543
2017567
2017568
2017571
2017573
2017587
2017615
2017617
2017619
2017626
2017677
2017683
2017686
2017688
2017692
2017698
2017733
2017742
2017754
2017755
2017786
2017790
2017797
2017798
2017802
2017809
2017811
2017812
2017814
2017816
2017817
2017822
2017825
2017829
2017838
2017840
2017843
2017845
2017849
2017853
2017854
2017855
2017859
2017861
2017864
2017866
2017867
2017868
2017918
2017968
2017989
2017994
2018036
2018041
2018045
2018047
2018053
2018078
2018083
2018105
2018126
2018134
2018135
2018148
2018153
2018161
2018177
2018191
2018205
2018239
2018285
2018324
2018333
2018336
2018340
2018349
2018355
2018364
2018365
2018377
2018429
2018439
2018474
2018477
2018481
2018482
2018483
2018485
2018559
2018560
2018562
2018568
2018571
2018595
2018616
2018645
2018674
2018690
2018701
2018712
2018720
2018721
2018722
2018723
2018724
2018727
2018732
2018743
2018769
2018778
2018815
2018828
2018833
2018844
2018847
2018848
2018852
2018889
2018898
2018901
2018909
2018911
2018927
2018939
2018952
2018955
2018958
2018959
2018963
2018984
2019006
2019010
2019026
2019030
2019033
2019072
2019074
2019078
2019086
2019093
2019129
2019148
2019149
2019170
2019190
2019197
2019201
2019226
2019235
2019254
2019280
2019327
2019339
2019340
2019352
2019357
2019358
2019359
2019369
2019389
2019427
2019431
2019457
2019482
2019485
2019501
2019503
2019513
2019516
2019517
2019565
2019580
2019590
2019608
2019617
2019622
2019634
2019636
2019642
2019644
2019649
2019650
2019668
2019673
2019681
2019689
2019690
2019691
2019694
2019696
2019702
2019704
2019706
2019712
2019715
2019719
2019720
2019721
2019726
2019728
2019744
2019746
2019748
2019760
2019783
2019797
2019819
2019836
2019845
2019848
2019852
2019853
2019858
2019862
2019870
2019879
2019906
2019907
2019910
2019911
2019926
2019932
2019964
2019965
2019968
2019981
2020002
2020058
2020063
2020067
2020098
2020099
2020101
2020193
2020206
2020219
2020224
2020262
2020328
2020369
2020387
2020391
2020392
2020394
2020395
2020402
2020409
2020411
2020412
2020422
2020427
2020433
2020466
2020470
2020502
2020505
2020510
2020520
2020521
2020523
2020525
2020543
2020546
2020547
2020560
2020569
2020577
2020592
2020594
2020607
2020617
2020622
2020628
2020630
2020640
2020654
2020657
2020660
2020664
2020670
2020672
2020675
2020676
2020679
2020692
2020701
2020704
2020705
2020721
2020736
2020740
2020741
2020751
2020755
2020799
2020802
2020806
2020810
2020820
2020825
2020840
2020841
2020891
2020899
2020953
2020960
2020965
2020985
2020989
2020997
2021018
2021021
2021038
2021047
2021054
2021062
2021065
2021078
2021105
2021109
2021128
2021161
2021164
2021194
2021206
2021222
2021252
2021253
2021262
2021353
2021378
2021454
2021523
2021525
2021534
2021539
2021540
2021542
2021547
2021548
2021550
2021554
2021555
2021557
2021559
2021564
2021565
2021570
2021573
2021578
2021581
2021583
2021586
2021587
2021597
2021600
2021652
2021663
2021676
2021699
2021757
2021766
2021768
2021772
2021786
2021792
2021793
2021831
2021842
2021855
2021863
2021867
2021895
2021898
2021902
2021904
2021930
2021959
2021967
2022006
2022020
2022026
2022043
2022046
2022050
2022053
2022058
2022066
2022070
2022071
2022074
2022086
2022094
2022098
2022106
2022108
2022115
2022116
2022118
2022123
2022129
2022147
2022187
2022241
2022285
2022289
2022291
2022393
2022400
2022401
2022412
2022433
2022440
2022464
2022476
2022647
2022673
2022699
2022700
2022702
2022703
2022704
2022714
2022716
2022719
2022720
2022724
2022737
2022743
2022769
2022770
2022805
2022864
2022924
2022931
2022951
2022955
2022978
2022984
2023000
2023001
2023026
2023028
2023058
2023059
2023078
2023101
2023103
2023104
2023106
2023120
2023129
2023134
2023140
2023142
2023143
2023150
2023157
2023167
2023195
2023196
2023273
2023275
2023305
2023328
2023402
2023405
2023408
2023433
2023440
2023442
2023453
2023479
2023485
2023544
2023617
2023620
2023711
2023782
2023785
2023795
2023823
2023824
2023827
2023848
2023856
2023864
2023870
2023898
2023900
2023918
2023921
2023934
2023945
2023951
2023956
2023962
2023969
2023973
2023977
2024076
2024107
2024178
2024192
2024229
2024276
2024282
2024291
2024314
2024358
2024361
2024362
2024381
2024384
2024392
2024412
2024413
2024414
2024429
2024431
2024439
2024461
2024463
2024466
2024478
2024497
2024512
2024561
2024638
2024649
2024653
2024688
2024689
2024701
2024718
2024743
2024745
2024748
2024749
2024751
2024752
2024794
2024808
2024822
2024866
2024878
2024960
2024962
2024963
2025000
2025011
2025159
2025199
2025208
2025260
2025263
2025270
2025281
2025295
2025302
2025303
2025310
2025312
2025409
2025453
2025467
2025504
2025558
2025583
2025699
2025700
2025702
2025705
2025726
2025731
2025741
2025748
2025749
2025773
2025789
2025791
2025794
2025800
2025804
2025808
2025820
2025828
2025829
2025835
2025842
2025843
2025846
2025851
2025854
2025855
2025859
2025863
2025881
2025888
2025893
2025900
2025906
2025915
2025917
2025934
2025982
2025997
2026076
2026086
2026102
2026117
2026125
2026128
2026135
2026160
2026164
2026217
2026220
2026229
2026260
2026321
2026349
2026352
2026354
2026364
2026371
2026483
2026491
2026499
2026516
2026521
2026563
2026565
2026568
2026570
2026571
2026572
2026610
2026616
2026623
2026625
2026628
2026635
2026641
2026645
2026647
2026648
2026649
2026678
2026702
2026719
2026722
2026725
2026761
2026789
2026821
2026833
2026847
2026874
2026878
2026917
2026919
2026922
2026929
2026968
2026984
2026985
2026997
2027000
2027001
2027026
2027049
2027109
2027144
2027177
2027182
2027189
2027195
2027196
2027220
2027223
2027227
2027271
2027305
2027333
2027340
2027360
2027361
2027370
2027418
2027427
2027444
2027476
2027477
2027496
2027498
2027500
2027508
2027518
2027537
2027543
2027547
2027550
2027557
2027559
2027562
2027575
2027590
2027687
2027706
2027719
2027723
2027730
2027735
2027736
2027738
2027743
2027754
2027767
2027788
2027790
2027829
2027909
2027911
2027918
2027920
2027989
2028005
2028016
2028022
2028024
2028029
2028041
2028060
2028079
2028116
2028234
2028249
2028257
2028279
2028281
2028286
2028289
2028301
2028302
2028306
2028331
2028335
2028336
2028338
2028340
2028345
2028348
2028352
2028354
2028355
2028358
2028362
2028368
2028369
2028373
2028375
2028387
2028391
2028401
2028406
2028489
2028490
2028546
2028588
2028594
2028610
2028617
2028619
2028663
2028696
2028708
2028709
2028754
2028758
2028766
2028773
2028775
2028811
2028861
2028875
2028876
2028879
2028882
2028884
2028895
2028904
2028908
2028918
2028922
2028928
2028929
2028932
2028933
2028938
2028949
2028959
2028962
2028966
2028979
2028990
2028991
2029034
2029036
2029053
2029071
2029080
2029091
2029107
2029127
2029148
2029155
2029187
2029190
2029192
2029199
2029201
2029216
2029218
2029230
2029246
2029254
2029309
2029418
2029420
2029423
2029426
2029433
2029482
2029492
2029494
2029495
2029514
2029517
2029521
2029526
2029529
2029540
2029545
2029546
2029560
2029561
2029571
2029577
2029578
2029579
2029580
2029582
2029588
2029593
2029594
2029597
2029696
2029697
2029719
2029735
2029757
2029784
2029793
2029830
2029848
2029853
2029861
2029865
2029877
2029890
2029891
2029895
2029897
2029904
2029914
2029915
2029918
2029922
2029931
2029934
2029936
2029944
2029945
2029946
2029948
2029951
2029956
2029962
2029963
2029964
2029966
2029972
2030219
2030331
2030346
2030376
2030394
2030398
2030401
2030423
2030433
2030434
2030435
2030453
2030460
2030465
2030466
2030468
2030472
2030475
2030478
2030483
2030490
2030492
2030493
2030494
2030495
2030497
2030501
2030512
2030517
2030523
2030529
2030534
2030541
2030575
2030588
2030594
2030627
2030656
2030662
2030764
2030768
2030773
2030787
2030788
2030837
2030844
2030847
2030877
2030890
2030906
2030943
2030955
2030956
2030980
2030981
2030982
2030989
2030995
2031006
2031020
2031062
2031078
2031090
2031096
2031097
2031178
2031205
2031242
2031252
2031265
2031267
2031278
2031285
2031300
2031307
2031309
2031311
2031315
2031316
2031319
2031329
2031330
2031334
2031338
2031339
2031340
2031368
2031432
2031450
2031499
2031542
2031547
2031583
2031656
2031699
2031705
2031723
2031733
2031743
2031748
2031749
2031751
2031753
2031756
2031761
2031762
2031788
2031791
2031794
2031796
2031801
2031805
2031808
2031809
2031810
2031811
2031818
2031826
2031828
2031864
2031889
2031932
2031967
2031979
2032003
2032123
2032125
2032135
2032153
2032162
2032173
2032177
2032188
2032200
2032205
2032230
2032231
2032240
2032244
2032254
2032259
2032265
2032286
2032303
2032307
2032325
2032331
2032338
2032353
2032361
2032394
2032395
2032402
2032416
2032429
2032433
2032438
2032441
2032442
2032444
2032445
2032452
2032455
2032460
2032474
2032477
2032484
2032511
2032514
2032527
2032528
2032534
2032540
2032553
2032555
2032558
2032569
2032578
2032586
2032642
2032704
2032724
2032729
2032734
2032791
2032841
2032899
2032907
2032950
2032999
2033006
2033008
2033017
2033074
2033149
2033165
2033194
2033209
2033223
2033246
2033250
2033262
2033267
2033278
2033288
2033289
2033290
2033292
2033297
2033300
2033301
2033304
2033306
2033307
2033308
2033310
2033311
2033312
2033316
2033323
2033470
2033479
2033585
2033668
2033724
2033728
2033729
2033733
2033738
2033744
2033748
2033750
2033753
2033755
2033759
2033764
2033766
2033769
2033770
2033771
2033775
2033776
2033777
2033779
2033781
2033793
2033794
2033796
2033802
2033812
2033818
2033830
2033858
2033894
2033903
2033909
2033921
2033935
2034062
2034064
2034116
2034119
2034123
2034210
2034216
2034228
2034230
2034260
2034291
2034309
2034339
2034349
2034368
2034371
2034386
2034411
2034426
2034428
2034439
2034440
2034455
2034460
2034476
2034480
2034499
2034532
2034540
2034550
2034562
2034581
2034603
2034631
2034635
2034638
2034667
2034668
2034669
2034670
2034674
2034691
2034712
2034719
2034726
2034747
2034748
2034750
2034757
2034774
2034777
2034781
2034793
2034803
2034834
2034845
2034848
2034850
2034865
2034867
2034978
2034984
2035016
2035076
2035098
2035165
2035183
2035310
2035314
2035324
2035335
2035336
2035344
2035369
2035436
2035454
2035499
2035534
2035552
2035594
2035598
2035605
2035627
2035649
2035651
2035656
2035659
2035660
2035664
2035919
2036018
2036023
2036026
2036030
2036062
2036070
2036075
2036086
2036093
2036096
2036112
2036145
2036146
2036150
2036151
2036154
2036155
2036156
2036158
2036180
2036182
2036185
2036186
2036187
2036198
2036203
2036204
2036205
2036208
2036212
2036216
2036219
2036222
2036227
2036237
2036249
2036253
2036256
2036260
2036262
2036272
2036274
2036314
2036338
2036587
2036646
2036718
2036724
2036730
2036735
2036741
2036772
2036775
2036780
2036827
2036830
2036878
2036979
2037001
2037015
2037036
2037075
2037097
2037109
2037117
2037155
2037160
2037170
2037185
2037186
2037187
2037227
2037237
2037264
2037272
2037286
2037290
2037291
2037326
2037337
2037338
2037344
2037345
2037357
2037375
2037403
2037472
2037523
2037590
2037599
2037623
2037628
2037750
2037769
2037771
2037772
2037781
2037923
2037966
2037977
2037978
2038005
2038019
2038025
2038033
2038035
2038038
2038040
2038042
2038045
2038046
2038231
2038263
2038264
2038276
2038292
2038395
2038434
2038453
2038457
2038470
2038507
2038509
2038512
2038516
2038521
2038522
2038545
2038550
2038554
2038556
2038558
2038559
2038567
2038573
2038577
2038578
2038579
2038589
2038591
2038602
2038684
2038709
2038830
2038903
2038909
2038991
2039052
2039160
2039194
2039199
2039247
2039249
2039263
2039266
2039273
2039282
2039290
2039294
2039305
2039315
2039317
2039326
2039405
2039427
2039443
2039453
2039458
2039459
2039510
2039532
2039606
2039636
2039676
2039677
2039686
2039789
2040010
2040048
2040097
2040120
2040123
2040137
2040143
2040147
2040171
2040184
2040187
2040196
2040197
2040204
2040207
2040208
2040210
2040213
2040219
2040221
2040223
2040238
2040240
2040246
2040333
2040387
2040417
2040528
2040661
2040677
2040706
2040716
2040730
2040732
2040734
2040741
2040760
2040847
2040912
2040963
2040976
2041015
2041042
2041051
2041080
2041103
2041174
2041188
2041189
2041203
2041218
2041278
2041283
2041286
2041296
2041305
2041311
2041315
2041326
2041329
2041337
2041344
2041349
2041351
2041352
2041354
2041363
2041365
2041383
2041384
2041399
2041403
2041406
2041408
2041419
2041488
2041567
2041576
2041583
2041670
2041799
2041899
2041991
2042043
2042068
2042082
2042112
2042135
2042159
2042167
2042180
2042190
2042194
2042208
2042232
2042237
2042250
2042273
2042313
2042318
2042348
2042369
2042386
2042451
2042479
2042493
2042521
2042599
2042708
2042727
2042767
2042775
2042776
2042780
2042809
2042985
2043022
2043084
2043087
2043099
2043110
2043139
2043152
2043172
2043173
2043179
2043180
2043199
2043202
2043227
2043230
2043231
2043236
2043251
2043260
2043277
2043293
2043342
2043354
2043472
2043497
2043503
2043617
2043628
2043637
2043664
2043722
2043757
2043775
2043807
2043812
2043815
2043818
2043857
2043860
2043863
2043931
2043936
2043940
2043998
2044026
2044227
2044349
2044463
2044473
2044491
2044492
2044496
2044501
2044509
2044511
2044513
2044515
2044519
2044525
2044531
2044547
2044549
2044550
2044551
2044552
2044558
2045106
2045109
2045300
2045338
2045350
2045352
2045378
2045381
2045390
2045427
2045443
2045453
2045468
2045481
2045496
2045502
2045515
2045536
2045557
2045566
2045567
2045568
2045583
2045585
2045590
2045591
2045599
2045602
2045605
2045619
2045629
2045630
2045631
2045639
2045648
2045666
2045667
2045672
2045677
2045680
2045681
2045687
2045691
2045709
2045734
2045735
2045738
2045739
2045850
2045875
2045906
2045920
2045932
2046024
2046072
2046101
2046109
2046137
2046149
2046154
2046160
2046177
2046222
2046227
2046231
2046244
2046248
2046252
2046255
2046257
2046263
2046299
2046303
2046325
2046362
2046436
2046442
2046451
2046471
2046591
2046629
2046631
2046639
2046678
2046730
2046925
2047029
2047050
2047074
2047077
2047078
2047096
2047112
2047113
2047115
2047128
2047132
2047138
2047139
2047376
2047552
2047556
2047557
2047560
2047614
2047644
2047664
2047678
2047710
2047735
2047761
2047769
2047784
2047786
2047787
2047791
2047796
2047801
2047812
2047823
2047827
2047828
2047832
2047838
2047843
2047870
2047888
2047889
2047890
2047903
2047907
2047920
2047923
2047928
2047930
2047934
2047940
2047941
2047942
2047945
2047946
2047948
2048153
2048165
2048189
2048202
2048218
2048241
2048302
2048304
2048307
2048410
2048433
2048439
2048446
2048458
2048462
2048498
2048499
2048501
2048610
2048634
2048668
2048704
2048717
2048722
2048814
2048823
2048832
2048833
2048836
2048840
2048841
2048842
2048855
2049411
2049483
2049491
2049513
2049516
2049523
2049540
2049568
2049573
2049591
2049592
2049598
2049600
2049602
2049606
2049607
2049616
2049622
2049628
2049633
2049634
2049638
2049640
2049641
2049647
2049650
2049651
2049654
2049657
2049661
2049662
2049663
2049671
2049681
2049849
2049930
2049938
2050109
2050182
2050220
2050246
2050330
2050334
2050411
2050419
2050460
2050495
2050532
2050533
2050604
2050607
2050645
2050661
2050665
2050682
2050684
2050703
2050717
2050847
2050862
2050933
2050940
2050942
2050965
2050976
2050982
2051016
2051018
2051029
2051033
2051058
2051071
2051086
2051094
2051096
2051103
2051115
2051118
2051119
2051135
2051151
2051178
2051192
2051214
2051229
2051233
2051238
2051250
2051254
2051255
2051263
2051286
2051289
2051297
2051298
2051309
2051314
2051319
2051324
2051327
2051328
2051332
2051338
2051434
2051642
2051751
2051760
2051761
2051763
2051764
2051775
2051777
2051786
2051790
2051811
2051831
2051850
2051851
2051852
2051854
2051872
2051876
2051886
2051890
2051911
2051912
2051914
2051915
2051919
2051920
2051921
2051924
2051927
2051938
2051943
2051944
2051946
2051959
2051963
2051964
2051965
2051966
2051989
2051991
2051997
2051998
2052003
2052016
2052068
2052079
2052172
2052225
2052235
2052272
2052296
2052309
2052344
2052542
2052544
2052547
2052550
2052627
2052651
2052652
2052657
2052661
2052666
2052675
2052676
2052677
2052692
2052704
2052705
2052706
2052723
2052749
2052751
2052754
2052755
2053104
2053124
2053174
2053255
2053263
2053272
2053336
2053346
2053347
2053366
2053385
2053386
2053391
2053402
2053403
2053412
2053415
2053512
2053848
2054053
2054056
2054094
2054133
2054198
2054206
2054238
2054240
2054349
2054372
2054391
2054428
2054444
2054451
2054461
2054476
2054503
2054514
2054516
2054518
2054521
2054538
2054544
2054545
2054551
2054562
2054563
2054565
2054603
2054613
2054620
2054624
2054628
2054629
2054630
2054631
2054635
2054637
2054644
2054648
2054650
2054657
2054665
2054674
2054750
2054850
2054854
2054893
2054911
2054941
2054956
2055006
2055057
2055059
2055068
2055098
2055099
2055221
2055226
2055234
2055324
2055331
2055403
2055404
2055420
2055453
2055471
2055476
2055483
2055505
2055538
2055564
2055607
2055614
2055736
2055907
2055916
2055926
2055929
2055940
2055943
2055946
2055956
2055960
2055968
2056190
2056286
2056297
2056299
2056303
2056304
2056306
2056323
2056325
2056326
2056341
2056630
2056702
2056734
2056752
2056764
2056768
2056788
2056815
2056820
2056864
2056866
2056881
2056885
2056920
2056935
2056936
2056942
2056953
2056958
2056970
2056974
2056978
2056979
2056980
2056982
2056986
2056992
2056994
2056996
2056997
2056998
2057000
2057021
2057027
2057034
2057120
2057149
2057152
2057253
2057288
2057290
2057368
2057530
2057610
2057648
2057654
2057664
2057759
2057794
2057809
2057834
2057849
2057884
2057891
2057954
2058007
2058041
2058044
2058095
2058518
2058558
2058688
2058701
2058721
2058794
2058797
2058813
2058833
2058847
2058877
2058879
2058906
2058909
2058925
2058929
2059050
2059079
2059112
2059160
2059525
2059651
2059676
2059795
2059804
2059812
2059822
2059867
2059888
2059902
2059903
2059905
2059908
2059915
2059927
2059941
2059963
2059967
2059973
2059993
2059998
2060042
2060049
2060057
2060103
2060127
2060158
2060186
2060189
2060212
2060232
2060235
2060249
2060254
2060265
2060266
2060268
2060288
2060381
2060395
2060398
2060473
2060742
2060864
2060876
2060926
2060953
2061042
2061102
2061930
2061935
2061957
2062008
2062025
2062036
2062101
2062107
2062108
2062145
2062149
2062241
2062244
2062248
2062265
2062269
2062300
2062353
2062408
2062412
2062430
2062475
2062483
2062642
2062726
2062733
2062737
2062759
2062760
2062789
2062877
2062910
2062936
2062950
2062954
2062958
2062989
2063056
2063086
2063087
2063121
2063146
2063155
2063162
2063184
2063200
2063249
2063373
2063442
2063488
2063489
2063516
2063654
2063758
2063887
2063891
2063892
2063991
2064073
2064409
2064518
2064795
2064838
2065141
2065236
2065244
2065252
2065374
2065541
2065665
2065676
2065677
2065693
2065769
2065821
2065859
2065866
2065871
2066007
2066013
2066016
2066032
2066039
2066050
2066062
2066098
2066106
2066116
2066167
2066185
2066188
2066191
2066227
2066719
2066770
2066866
2066931
2066985
2067020
2067026
2067082
2067083
2067100
2067106
2067112
2067134
2067140
2067154
2067155
2067157
2067168
2067169
2067193
2067203
2067208
2067227
2067228
2067233
2067244
2067248
2067259
2067261
2067270
2067304
2067340
2067368
2067485
2067696
2067817
2067834
2067898
2067997
2068023
2068085
2068133
2068247
2068287
2068297
2068304
2068305
2068363
2068560
2068696
2068900
2068933
2068997
2069014
2069114
2069133
2069222
2069294
2069302
2069434
2069566
2069845
2069848
2069870
2069885
2069917
2069933
2069939
2069955
2069969
2069971
2070005
2070007
2070008
2070009
2070016
2070020
2070021
2070022
2070027
2070029
2070032
2070038
2070041
2070042
2070045
2070048
2070104
2070599
2070747
2070897
2071098
2071135
2071166
2071193
2071194
2071215
2071225
2071333
2071446
2071449
2071511
2071534
2071547
2071548
2071612
2071655
2071664
2071665
2071666
2071689
2071691
2071715
2071727
2071731
2071733
2072331
2072453
2072645
2072662
2072726
2072727
2072742
2072747
2072763
2072788
2072816
2072825
2072840
2072852
2072882
2072883
2072887
2072897
2072898
2072911
2072915
2072975
2073295
2073363
2073365
2073397
2073418
2073429
2073436
2073444
2073450
2073457
2073458
2073506
2073508
2073527
2073528
2073535
2073654
2073690
2073691
2073694
2073844
2073932
2073958
2073961
2073965
2073972
2073977
2073983
2074054
2074091
2074403
2074465
2074467
2074477
2074487
2074488
2074517
2074519
2074528
2074538
2074553
2075301
2075647
2075713
2075757
2075781
2075910
2076140
2076153
2076167
2076200
2076213
2076225
2076252
2076266
2076312
2076318
2076358
2076365
2076400
2076457
2076462
2076574
2076583
2076586
2076637
2076638
2076646
2076648
2076649
2076672
2076677
2076679
2076694
2076728
2076730
2076739
2076748
2076750
2076756
2076791
2076801
2076810
2076822
2076831
2077399
2077427
2077494
2077661
2077682
2077703
2077716
2077722
2077724
2077732
2077735
2077743
2077745
2077746
2077760
2077766
2077768
2077774
2077777
2077798
2077804
2077812
2077818
2077823
2077837
2077838
2077865
2077867
2077870
2077878
2077892
2077909
2077910
2077911
2078094
2078133
2078150
2078154
2078159
2078160
2078175
2078188
2078242
2078283
2078452
2078470
2078546
2078690
2078692
2078693
2078698
2078699
2078704
2078754
2078795
2078809
2078815
2078869
2078935
2078957
2078967
2079097
2079132
2079479
2079485
2079490
2079503
2079514
2079515
2079724
2080034
2080035
2080041
2080051
2080076
2081884
2081888
2081895
2081907
2081922
2081938
2082009
2082011
2082016
2082023
2082040
2082041
2082043
2082044
2082051
2082058
2082352
2082356
2082380
2082572
2082663
2082805
2082882
2082906
2083042
2083051
2083105
2083170
2083206
2083373
2083544
2083599
2083604
2083666
2083804
2083826
2083867
2083870
2083887
2083916
2083923
2083926
2083973
2084085
2084103
2084185
2084404
2084698
2084856
2084876
2084930
2084946
2084962
2085162
2085163
2085312
2085577
2085716
2086053
2086058
2086061
2086069
2086093
2086095
2086101
2086112
2086113
2086140
2086141
2086153
2086156
2086162
2086171
2086185
2086202
2086232
2086238
2086269
2086281
2086287
2086288
2086297
2086308
2086317
2086331
2086348
2086358
2086360
2086366
2086403
2086429
2086435
2087142
2087299
2087303
2087375
2087811
2087926
2088031
2088090
2088094
2088111
2088117
2088125
2088129
2088140
2088152
2088169
2088194
2088201
2088230
2088233
2088236
2088237
2088246
2088252
2088554
2089283
2089828
2089937
2089942
2090372
2090456
2090542
2090704
2091152
2091155
2091163
2091164
2091192
2091207
2091551
2091613
2091617
2091641
2091652
2091738
2091745
2091776
2091787
2091849
2091875
2091906
2091908
2091933
2091937
2092011
2092056
2092060
2092063
2092094
2092116
2092122
2092128
2092169
2092179
2092184
2092185
2092199
2092211
2092231
2092262
2092269
2092272
2092282
2092283
2092297
2092299
2092326
2092344
2092353
2093213
2093668
2094030
2094032
2094107
2094171
2094187
2094209
2094218
2094230
2094261
2094266
2094275
2094299
2094303
2094312
2094313
2094316
2095647
2095952
2095957
2096554
2096608
2096609
2096782
2096954
2097275
2097278
2097333
2097346
2097399
2097401
2097516
2097573
2097591
2097594
2097724
2098002
2098935
2099059
2099167
2099202
2099251
2099652
2099709
2099814
2099850
2099877
2099895
2099899
2099936
2099975
2101153
2101574
2101600
2101685
2101716
2101724
2101889
2101890
2102150
2102167
2102419
2102492
2102528
2102698
2104269
2104596
2104943
2104997
2105114
2105203
2105210
2105213
2105232
2105243
2105339
2105435
2105504
2105521
2105553
2105564
2105583
2105649
2105713
2105728
2105758
2105821
2105869
2105935
2105992
2106013
2106053
2106056
2106113
2106119
2106513
2106655
2106818
2108455
2108466
2108565
2108570
2108602
2108660
2108951
2109064
2109233
2109314
2109428
2109435
2109582
2109641
2109659
2110065
2110853
2111297
2111359
2111525
2111743
2111891
2111928
2112268
2112545
2112586
2112822
2113224
2113260
2113299
2113385
2113577
2114190
2114533
2114599
2114647
2114830
2114837
2114997
2115097
2115170
2115440
2115455
2115657
2115700
2115755
2115788
2115808
2115930
2116294
2116516
2116695
2116993
2117102
2117224
2117288
2117348
2117371
2117620
2117822
2117993
2118085
2118474
2118963
2119000
2119918
2119922
2119944
2119946
2120179
2120363
2121708
2121810
2121990
2122683
2123149
2123558
2123698
2123699
2123727
2123799
2123855
2124097
2124791
2126725
2127204
2127211
2127228
2127253
2127448
2127469
2127584
2127773
2128059
2128126
2128144
2128198
2128235
2128572
2128618
2129146
2129241
2130406
2130609
2131381
2131400
2131406
2131427
2131429
2131575
2132770
2132932
2132975
2133564
2133637
2133826
2134039
2134429
2134642
2134851
2134873
2135137
2135493
2136267
2137011
2137349
2138388
2138512
2138705
2138749
2138773
2138775
2138787
2138849
2139564
2140068
2141486
2141503
2141557
2145417
2145426
2146035
2146101
2146110
2146627
2147865
2148351
2149745
2150272
2150640
2151479
2152132
2154257
2154603
2157014
2157025
2157997
2158581
2160037
2160243
2160278
2160367
2161080
2162284
2162796
2163680
2164295
2165750
2165899
2166872
2168557
2169509
2171420
2171600
2172965
2173351
2174542
2175115
2178295
2181256
2183113
2191162
2191176
2193306
2194790
2194860
2195717
2197282
2200417
2200560
2201161
2207591
2208695
2217096
2222187
2222241
2223302
2223938
2238154
2241944
2242159
2242668
2244478
2249416
2250560
2254425
2259801
2289143
2289446
2291511
2301964
2309737
2314176
2330759
2363135
3021708
3035904
3410457
3518314
2065407
3170289
3487952
3517549
1000036
1000094
1000063
1000079
1000035
1000055
1000140
1001647
1000129
1000132
1000373
1003189
2001566
2001620
2001862
2001981
2002101
2002102
2002135
2002201
2002340
2003122
2003200
2003361
2003362
2003671
2003757
2004015
2004034
2004179
2004183
2004450
2004486
2004581
2004660
2004769
2004953
2005011
2005189
2005604
2005693
2006037
2006239
2006489
2006491
2007335
2007341
2007482
2007753
2007822
2008014
2008566
2009856
2010115
2011500
2012538
2012923
2013651
2014827
2016960
2020425
2022753
2023187
2025143
2026663
2027002
2029075
2031669
2033342
2035107
2035396
2037638
2037655
2038071
2039572
2041429
2052760
2052768
2053319
2053426
2053429
2053550
2053789
2065679
2065690
2065717
2065803
2065909
2066391
2067367
2067381
2068216
2068346
2068347
2068372
2068548
2068950
2069230
2085182
2085236
2085585
2085640
2085713
2085774
2085938
2085989
2085990
2086039
2086819
2087684
2088254
2089136
2089830
2089958
2089959
2090075
2090403
2090416
2099248
2099942
2100085
2101869
2101955
2103067
2111253
2136617
2136618
2136795
2136849
2137108
2137120
2137126
2137427
2138095
2138127
2138175
2138404
2138524
2138727
2138971
2139211
2139359
2139622
2140039
2140158
2140288
2141053
2141432
2141495
2141525
2141527
2141593
2141614
2141851
2143404
2143487
2143649
2143651
2143992
2144332
2144898
2144900
2152560
2152561
2152637
2152664
2152671
2152680
2152685
2152754
2152770
2152828
2152978
2153002
2153201
2153220
2153311
2153814
2153958
2154019
2154269
2154275
2154276
2154302
2154330
2154590
2155338
2159504
2159857
2161989
2162000
2162039
2162082
2162116
2162120
2162162
2162173
2162183
2162210
2162361
2162416
2162421
2162422
2162474
2162510
2162567
2162687
2162695
2162783
2162825
2162882
2162922
2162979
2162998
2163014
2163026
2163051
2163067
2163132
2163243
2163249
2163348
2163364
2163373
2163683
2163697
2163818
2163899
2164121
2164202
2164207
2164211
2164216
2168318
2170086
2170903
2171576
2171839
2172678
2173561
2175706
2175729
2177049
2177614
2179806
2180186
2184266
2185851
2186844
2187040
2189040
2189865
2192559
2192563
2192642
2194006
2194268
2196068
2196625
2197588
2199003
2199145
2199801
2200840
2202683
2205744
2206378
2206910
2207398
2207945
2208023
2208115
2212546
2214869
2215588
2216115
2216258
2216523
2216985
2217430
2217628
2220839
2221455
2221980
2226514
2226554
2228368
2230111
2230549
2231937
2232691
2234145
2235756
2242216
2242450
2242643
2242708
2243566
2244977
2247360
2250620
2250680
2250706
2251346
2251722
2252399
2253841
2255071
2260141
2263976
2264357
2264993
2265196
2265482
2267131
2267221
2267337
2267494
2267720
2267729
2269690
2275677
2276033
2277475
2277570
2279744
2279816
2281375
2285263
2286080
2289315
2290772
2292220
2294739
2297274
2297300
2297418
2301844
2302169
2302831
2303450
2304330
2306383
2307005
2308242
2308635
2310442
2310560
2311044
2311066
2312070
2314082
2314212
2317255
2325395
2326290
2329437
2329614
2330233
2331876
2332446
2333521
2333578
2337075
2337558
2341843
2342866
2344076
2348306
2348314
2348400
2349068
2349507
2350523
2350751
2352102
2354182
2356991
2357022
2357024
2357028
2357439
2357594
2357622
2358471
2358744
2359170
2359369
2360191
2361754
2363024
2363027
2363067
2363084
2363116
2363305
2363344
2363505
2363599
2363734
2363790
2363831
2364136
2365014
2365071
2365424
2366746
2366774
2367248
2367789
2368203
2368565
2369057
2369264
2371660
2373135
2374038
2374158
2374851
2374855
2375054
2375103
2377097
2377732
2378160
2378358
2380636
2380981
2381906
2382395
2382406
2382745
2382758
2382825
2385186
2385252
2385343
2385605
2386454
2386847
2387505
2387668
2387746
2388188
2388945
2389694
2390725
2390929
2391211
2395207
2398188
2399457
2399774
2401856
2401954
2403775
2405212
2405762
2406213
2408792
2409836
2410627
2410777
2410778
2411165
2412983
2413260
2413577
2413989
2414286
2414287
2414990
2415029
2415713
2415745
2416195
2416591
2416801
2417211
2417217
2417419
2417612
2417634
2417816
2417871
2417949
2418094
2418135
2418416
2418849
2419472
2419624
2419880
2420210
2422686
2422699
2422787
2423321
2423709
2424482
2425755
2428209
2429094
2429584
2430440
2430544
2430804
2433953
2434096
2434188
2434196
2434326
2434633
2434677
2434734
2435159
2435548
2436329
2436671
2436724
2436774
2437841
2437844
2437905
2438105
2438661
2438908
2438955
2439437
2439877
2440212
2441641
2441987
2442037
2442523
2443103
2443806
2443880
2444004
2444193
2444584
2445305
2445974
2446791
2446862
2447755
2448003
2448721
2450142
2450263
2450270
2450293
2450300
2450894
2451003
2451124
2451157
2451297
2451370
2452302
2452376
2452807
2453563
2453707
2453729
2453778
2454094
2454100
2454101
2455148
2455176
2455184
2455299
2455687
2456938
2457662
2457768
2458116
2458122
2458418
2458436
2458723
2459683
2461852
2462238
2462550
2462959
2463387
2465617
2465633
2465824
2465826
2465892
2466130
2466508
2467309
2467317
2467336
2467351
2467460
2468005
2468468
2468727
2468910
2469445
2469896
2470310
2471240
2471241
2471323
2471926
2474158
2474163
2474231
2475534
2476601
2477162
2477465
2477519
2478574
2480808
2480820
2480822
2480858
2480883
2480936
2481327
2481394
2481457
2481482
2481532
2481817
2482250
2482344
2482467
2482488
2482650
2482766
2482796
2482798
2483422
2483423
2483432
2483508
2483560
2483989
2484402
2484506
2484517
2484976
2485652
2487577
2488453
2488490
2488515
2488789
2489486
2490354
2490581
2494658
2494690
2494697
2494710
2494999
2495187
2496005
2496013
2496816
2496817
2496860
2496901
2497117
2497245
2499582
2500080
2503861
2503941
2504034
2504256
2504680
2504800
2505178
2505657
2506074
2506491
2506732
2506859
2507716
2508774
2508908
2508967
2509191
2509352
2509456
2509821
2509935
2510055
2510529
2511008
2511684
2512234
2513126
2513171
2513489
2514150
2514568
2514596
2515767
2516154
2516155
2516454
2517103
2517681
2518640
2518678
2518810
2518847
2522684
2523589
2523598
2523606
2523609
2523623
2523630
2523650
2523654
2523656
2523662
2523664
2523685
2523732
2523775
2523788
2523804
2523808
2523813
2523814
2523816
2523818
2523820
3012393
3005806
3002856
3012398
3012399
3005942
3005973
3009026
3013066
3010077
3010679
3092166
3007574
3011167
3013070
3013039
3013045
3013662
3013664
3014109
3014110
3014112
3014114
3014117
3014683
3015695
3016524
3092217
3019083
3020976
3019647
3022036
3022970
3022972
3022974
3022975
3024027
3024715
3024714
3025760
3025766
3028804
3028805
3028806
3028810
3031172
3092253
3031184
3035245
3035252
3038472
3046120
3046122
3046124
3046125
3066079
3050517
3054375
3063058
3092276
3065184
3092289
3070541
3071766
3071767
3071769
3074752
3074753
3076784
3076812
3076814
3078262
3080638
3080637
3082923
3082930
3082929
3082931
3092374
3092385
3092419
3092474
3092480
3092515
3102669
3102683
3102694
3102713
3102717
3102719
3102724
3102728
3102729
3102742
3102743
3102752
3102786
3114014
3114027
3114056
3114075
3117420
3117434
3117435
3117440
3117459
3120885
3120892
3120894
3120904
3124996
3124998
3125003
3125005
3127232
3127234
3127385
3127390
3709286
3127412
3130460
3130462
3131063
3132128
3132521
3133153
3134255
3134259
3134277
3137721
3137854
3137865
3141522
3141538
3141540
3143081
3144150
3145512
3145514
3145520
3146499
3147323
3147553
3147555
3147581
3150771
3152314
3152317
3152318
3152323
3153509
3153516
3157020
3157022
3157028
3157337
3157483
3159886
3159889
3160737
3160741
3160850
3163738
3163739
3163748
3165472
3167340
3167345
3169265
3169271
3170212
3170204
3170218
3170231
3170209
3175330
3176186
3177204
3177223
3177237
3179352
3179354
3180149
3180152
3180153
3180182
3182189
3182830
3183834
3183851
3184151
3184160
3184479
3249141
3249347
3249785
3249983
3251448
3251517
3251513
3251713
3251889
3252349
3253151
3255979
3255980
3256319
3256324
3256328
3257091
3258074
3258077
3260293
3261133
3262792
3263235
3263449
3263453
3263539
3265824
3266505
3267066
3267783
3273446
3273524
3274302
3275203
3275510
3275512
3275514
3275673
3276397
3276441
3277570
3278078
3279221
3279432
3279740
3279787
3283571
3284923
3285304
3285299
3288478
3289742
3290808
3290881
3292263
3292769
3293832
3293925
3293926
3295790
3297371
3297378
3299722
3299947
3303213
3303218
3305002
3307228
3309093
3309286
3309828
3311865
3311964
3313976
3314045
3321569
3315647
3321493
3321628
3321667
3324630
3329278
3329371
3330049
3330050
3330155
3330680
3330683
3331094
3333737
3334436
3334817
3335049
3335424
3335613
3337561
3337992
3338136
3338368
3341129
3341200
3346460
3347500
3350633
3350634
3351222
3351835
3352549
3355849
3358522
3358672
3359270
3359278
3364288
3365953
3365986
3366074
3366807
3367027
3367903
3368861
3368864
3369614
3371145
3370021
3370167
3371146
3371366
3371669
3372217
3373682
3373980
3374669
3376262
3376346
3378131
3378545
3381347
3381448
3381449
3383904
3384067
3384068
3384406
3386864
3387132
3387458
3387793
3388081
3388311
3388312
3388315
3390107
3390647
3391853
3392084
3392310
3392365
3393169
3394072
3394543
3395313
3397494
3397572
3397577
3397856
3398140
3398652
3398821
3399581
3399918
3399920
3401101
3401382
3401432
3402131
3402613
3403151
3403506
3404768
3405085
3405616
3407608
3407680
3409624
3409688
3409961
3409964
3410172
3412755
3412894
3414251
3414394
3418109
3418111
3419891
3421513
3422140
3422250
3423022
3423024
3423762
3426408
3426636
3427741
3427441
3427522
3427794
3427985
3427986
3428344
3429819
3430309
3432688
3433365
3434369
3438960
3440392
3440771
3441089
3441093
3441126
3441149
3441171
3441820
3442841
3443811
3444273
3444275
3445070
3445074
3445537
3445538
3445602
3445668
3447934
3448068
3448532
3448961
3448993
3449054
3449591
3451789
3451790
3454731
3454735
3455137
3457438
3457840
3457843
3458941
3459429
3460260
3461188
3461189
3462015
3463079
3463175
3464007
3466069
3467085
3467148
3467177
3467187
3467355
3467394
3467706
3471590
3471663
3472299
3475236
3475238
3476134
3476771
3477574
3477577
3483055
3483513
3485260
3486442
3508127
3508146
3511311
3511892
3511894
3512040
3512281
3513382
3514551
3515065
3515066
3515377
3519490
3520202
3520203
3520666
3520759
3521439
3522155
3523945
3523946
3526640
3529053
3529599
3532363
3536555
3541751
3542519
3544935
3547804
3552292
3550889
3548660
3549033
3549036
3549391
3549392
3549694
3549618
3550042
3550057
3550082
3550084
3550127
3550233
3550303
3550464
3551067
3552655
3552661
3553149
3553169
3553279
3553283
3553704
3553986
3553994
3555162
3555165
3555653
3555763
3558389
3556126
3557481
3557636
3556208
3556968
3557196
3557485
3557486
3557487
3557843
3557957
3558375
3558386
3558387
3559599
3559839
3559842
3560915
3562322
3562866
3564590
3564724
3565474
3566441
3566695
3566975
3567973
3567991
3567993
3567995
3568319
3572227
3572706
3574100
3574344
3574783
3574821
3578980
3579078
3580963
3581507
3581669
3582010
3582137
3582138
3582143
3582516
3585470
3586027
3588013
3588786
3589298
3589302
3591407
3591595
3591611
3591721
3591722
3591886
3592225
3595987
3596143
3596144
3596491
3596845
3596848
3597095
3599062
3599930
3599862
3599866
3600242
3601471
3601472
3602023
3602063
3602625
3602685
3602783
3603124
3603170
3604216
3604304
3604307
3604618
3605576
3605577
3605764
3605890
3605900
3605940
3605960
3606220
3606252
3606253
3606308
3607382
3607667
3607784
3608092
3608326
3608618
3608936
3610024
3610029
3610526
3610527
3612842
3614394
3614397
3614639
3614980
3616694
3616695
3616698
3617158
3617387
3618023
3619342
3620666
3620863
3621018
3621620
3621641
3621700
3621805
3623524
3623580
3623673
3623947
3624741
3624742
3624758
3626394
3625861
3626613
3631821
3631824
3632244
3632675
3633047
3633048
3633051
3633188
3634185
3634388
3634615
3634711
3634781
3634847
3634904
3635331
3638239
3638237
3638288
3638380
3638466
3638629
3640745
3640747
3644047
3644046
3644231
3644702
3644813
3645089
3645192
3645200
3645384
3645993
3646046
3646734
3648203
3648205
3648317
3648716
3651153
3651158
3651169
3651198
3653190
3653537
3653699
3653902
3653916
3653970
3654057
3654378
3654338
3654982
3655362
3655751
3655760
3655975
3656788
3656789
3661368
3661493
3661509
3662584
3663745
3663955
3666411
3666473
3666783
3666976
3667127
3669248
3669253
3669359
3670102
3698512
3670721
3671119
3671129
3671131
3672190
3672193
3672561
3672669
3672906
3672960
3673133
3673168
3673637
3673865
3673914
3673921
3674335
3675173
3675097
3674578
3674618
3674619
3675229
3674874
3675019
3678016
3678629
3680936
3681964
3681972
3682230
3683806
3685272
3685808
3686083
3686160
3689271
3689346
3689353
3690051
3691095
3692751
3693057
3693163
3693266
3694451
3694987
3695930
3696441
3697798
3698472
3698847
3699478
3699506
3699508
3699903
3699901
3699954
3701883
3702914
3703003
3703073
3703166
3703080
3703314
3703891
3704141
3704265
3705044
3705045
3707694
3707698
3709602
3709711
3715412
3764850
3838811
3710160
3710228
3710245
3710913
3711779
3711785
3712420
3712625
3712670
3712675
3712681
3713283
3713941
3713304
3713308
3713989
3713991
3714452
3714454
3714488
3714553
3714579
3715094
3715376
3715498
3715507
3715906
3717040
3717082
3718322
3718828
3720869
3719175
3719183
3719203
3719473
3720440
3720769
3720846
3720978
3721220
3721907
3723597
3723767
3723888
3723951
3724058
3724106
3724112
3724392
3724644
3724987
3726014
3726015
3726510
3726513
3726711
3726791
3727174
3727338
3728373
3728857
3729275
3729841
3729835
3729846
3730336
3730322
3730321
3730574
3730580
3730731
3731242
3731244
3732123
3732675
3733140
3735470
3735539
3736234
3736248
3736502
3736659
3736679
3736776
3736806
3739011
3739061
3739217
3739246
3739316
3739393
3740494
3740497
3740498
3740808
3740897
3740915
3740926
3740928
3740934
3741147
3741556
3741566
3741975
3742336
3742342
3743119
3743605
3743606
3743613
3743739
3744153
3744155
3744785
3744790
3745504
3745900
3745899
3746452
3747314
3747349
3748270
3748546
3752785
3750665
3750673
3751816
3752013
3752099
3752106
3752443
3752454
3752780
3752784
3753092
3753371
3753590
3753621
3753640
3753695
3753919
3754264
3754368
3754386
3754438
3755112
3755203
3755311
3755345
3757572
3756758
3757573
3756949
3757001
3757288
3757294
3757396
3757398
3757411
3757574
3758257
3758274
3758270
3758927
3758926
3760537
3760585
3760684
3760884
3761034
3761480
3761549
3761740
3762886
3763276
3763621
3763951
3764797
3764848
3764847
3764863
3765022
3765532
3765642
3765646
3765661
3765705
3766015
3766033
3766032
3766075
3766160
3766185
3766238
3766294
3766338
3766463
3766499
3766497
3766655
3766660
3766608
3766635
3766964
3767007
3767037
3767248
3767249
3767250
3767325
3767936
3769431
3768019
3768608
3769398
3770288
3770330
3771064
3771450
3771452
3771619
3772382
3772396
3773658
3773752
3773760
3773915
3773930
3774065
3774091
3774099
3774557
3774603
3774613
3774614
3774612
3774728
3775155
3775205
3775207
3775248
3775709
3775711
3776010
3776109
3776117
3776278
3776295
3776300
3776549
3776849
3776848
3776858
3778075
3778659
3780638
3780640
3780696
3781023
3781250
3781268
3781301
3781359
3781339
3781344
3781388
3781457
3781594
3781871
3781911
3781963
3782012
3785706
3782067
3785686
3785780
3786447
3786451
3788009
3788048
3788037
3788118
3788134
3788899
3789083
3788903
3789080
3789098
3789118
3789225
3789399
3789420
3789446
3789542
3789609
3789631
3789665
3789679
3789724
3790058
3790126
3791243
3791289
3794976
3794979
3794988
3795078
3795095
3796292
3797404
3797448
3797696
3797698
3797710
3797749
3797849
3797851
3797861
3798985
3798993
3799304
3799715
3799720
3799787
3799790
3799839
3799902
3801936
3801934
3802062
3802077
3802102
3802120
3802398
3802421
3802447
3805267
3819665
3819679
3824084
3824115
3824967
3824988
3825086
3825097
3825122
3825138
3825227
3825286
3825520
3825425
3825448
3825479
3825481
3825489
3825515
3825756
3825813
3825814
3825831
3826808
3826834
3826837
3826859
3827131
3826894
3827100
3827151
3829455
3829463
3831075
3831077
3831203
3831471
3831479
3831884
3831888
3831916
3835509
3836084
3836308
3836663
3836731
3836727
3836888
3836920
3836936
3836942
3837522
3837596
3837599
3837652
3837682
3837719
3837741
3837902
3837926
3837956
3837975
3837989
3838020
3838082
3838104
3838130
3838129
3838139
3838240
3838259
3838263
3838912
3838886
3840119
3840128
3840136
3840701
3840745
3840802
3840808
3840850
3013075
2001627
2001866
2052762
2001580
2088263
2001917
2002212
2025916
2026760
2514041
2005731
2005143
2248590
2152679
2006455
3671130
2001980
2003691
2005646
2162566
2021088
2401857
2000887
2016064
2413192
2162741
2137805
2256412
2006053
2001864
2096189
2005370
2005332
2005587
2138013
2068348
2001916
2276049
2004957
2163691
2001685
2136874
2003554
3682429
2025330
2385268
2017274
2153249
2008567
3697178
2248926
2234061
2017182
2006050
2066146
2003288
2011066
2436761
2388185
2451217
2020460
2100004
2002061
2139345
2416567
3529997
2429073
2004055
2465749
2153271
2275611
2214088
2275976
2085804
2007350
2248083
2036183
2442742
2003752
2068063
2005751
2002100
2006178
2008013
2001943
2002368
2416694
2441952
2144901
2085709
2438902
2003199
3545393
2143624
2039796
2243025
2086324
2001863
3673792
2003753
3517465
2304153
2184990
2089355
2085818
3685817
2153591
2162038
2087311
3536126
2413421
2409256
2016834
2209924
2008201
2482055
3288788
2159686
2516984
2437879
2017188
2027346
2004401
2003360
2414746
2004197
2068350
3686081
2159518
2350513
3528687
2153842
2090367
2391151
3673620
3510794
2242147
2007889
3486478
2005645
2247156
2225416
2152931
2040267
3534716
3695838
2250614
2009202
2003102
2385402
2142781
2019764
2054789
2241596
2005653
2498143
2276274
2230979
2489203
2303174
2003103
2066008
2238063
2414772
2513550
3588020
2086829
2418929
2338347
2099907
2152558
2006063
2345813
2088188
3702670
2054686
2086326
2399433
2011398
2380188
2055532
2004544
2011885
2153219
2137062
2326388
2322763
2086067
2413038
2218863
2277616
2053430
2066251
2138883
2394130
2499490
2249886
3267321
2001865
3702256
2511243
2054401
3537906
2356394
2397237
2100926
3506989
2230118
2159560
2434632
2085839
2371336
3147580
3515458
2009162
2139289
2232382
2154029
2464798
2154589
2462775
2002062
2023183
2154035
2168378
2162903
2138359
2492478
2455192
2349074
2437994
2215442
2052750
2162463
2364762
2190166
2285944
2276468
2410088
2235086
2152889
2329915
2162269
2001221
2003908
2434740
2414586
3557088
2477524
2137924
2138847
2386720
3174196
3029651
2040263
2453687
2438897
3522124
2068278
2141484
3529605
3673736
2005381
3384070
2435404
2349925
2333889
2088213
2243147
2019356
2162483
3536589
2002608
2003551
3490930
3662289
2142464
2096590
2068267
2467372
2523747
3528688
3514548
2142563
3160790
3543621
3550113
3370284
2162058
2369454
2452389
2048603
2315508
2010165
2154993
2433992
3532367
2152941
2066272
3536588
2518507
2162980
2152964
3655871
2364877
2007839
2381989
2215757
2162080
2152952
2085628
2393359
3510599
3545815
2406952
2488494
2241370
2262623
3545179
2469494
2274138
2198856
2514652
2477491
3674886
2162181
3555045
2271480
2520808
2003988
3656409
2418797
3686191
2477588
3525131
2277039
3514546
3660314
2343166
2399325
2277617
3537858
2438107
2413820
2523595
2411201
2219071
2496174
2345722
2477490
3701885
3528690
3693691
2395143
2394392
2363626
2172034
2237551
2185716
2254419
2275974
2299582
3471692
3481977
2504827
2285339
2220124
3552666
2242187
2523637
2014402
2004688
3669356
2085953
2498066
2246138
3655878
2311321
2349219
2159454
2334673
2087309
2523631
2137099
3518595
3682228
3669049
3508161
2393569
2523636
3523942
3537907
3554963
2252558
3398095
2337119
2276703
3511354
3693519
2326683
3394751
3528381
3674756
2001915
2007025
2367684
2468117
3516406
3467188
2361538
3520763
2306462
2381677
2260277
3693426
2332775
3518264
2516803
2055408
2161999
3664084
3555069
2436325
2218017
3514547
2510073
2239849
2429382
2138947
2476438
3522126
3695418
3514800
2374449
2482054
3590077
2211871
2066400
3522125
3440286
3519488
3695933
2136564
2005797
2408751
3508106
2475950
2464885
2482111
3443809
2368184
3548081
2388838
2307918
3536587
3516631
3664062
2345705
2242191
2436324
3337834
3486329
2325102
3528338
3661266
3520761
2474425
2411611
2499496
2485110
3519516
2105141
3508166
2515049
3545514
2387733
2234341
3536669
2495858
3092337
2496837
3674865
2238456
2477762
3535790
2139056
3514550
3536586
2169352
2388189
3515658
3655449
3520694
2523632
2456537
3541206
2458135
3541504
3508162
2141531
2228502
3002520
2436030
3255465
3520208
3536611
3653917
3516307
3508164
2152564
2407324
3471658
3516632
3515379
3511355
2152563
3516411
3544919
3508167
2443837
3670100
3514957
3516489
2471083
3508132
3551063
3529623
3532368
3511835
3597511
3536591
3670717
3536593
3542541
2365449
3536621
2488803
3092147
3541503
3508131
3555794
3541750
3529622
3418110
2422638
3529587
3529588
3523340
3544981
3508135
3538600
3508157
3476774
2475016
3114037
3529624
3102784
3514959
3046149
3541502
3521512
3514891
3521441
3517109
3484838
3696459
3514956
3485263
3514798
3472375
3508110
3532394
3523337
3527906
2506590
3514549
2450237
3511915
3515380
3511515
3485632
3686187
3529601
3523944
3512275
3507183
3508133
3485971
3512646
3514889
3511895
3520758
3555212
3515453
3552163
3551475
3532364
3511828
3485259
3512647
3550046
3532406
3511111
3519521
3520757
3545399
3521440
3508128
3516633
3519522
3012392
3512704
3126183
3554416
3512703
3512283
3508142
3512284
3547937
3512698
3523338
3515028
3512348
3620672
2000719
2002059
2002063
2002202
2002329
2003271
2003352
2003553
2003838
2004257
2004341
2004487
2004503
2004596
2004947
2005131
2005324
2005496
2005590
2005620
2005626
2005660
2005786
2005828
2005836
2005863
2005869
2005879
2006047
2006456
2006569
2006611
2007088
2007092
2007236
2007336
2007358
2007474
2007480
2007888
2007977
2008034
2008035
2008037
2008176
2008507
2008709
2009058
2009172
2009400
2009950
2010145
2010150
2010302
2010563
2010636
2010860
2011054
2011284
2011311
2011405
2012711
2013553
2015745
2015817
2016636
2016657
2016816
2016912
2017181
2017511
2018106
2018109
2018172
2018736
2018882
2020086
2020236
2020255
2020429
2020790
2020826
2021277
2021374
2022099
2022771
2023548
2023606
2023714
2024443
2024445
2024475
2024761
2026166
2026310
2026379
2026817
2027031
2030825
2030997
2031210
2031221
2031345
2031346
2031662
2032906
2034613
2035432
2035670
2036017
2036236
2036284
2037336
2038086
2038091
2038239
2039565
2040329
2041440
2042286
2052340
2052381
2052387
2052689
2052761
2053110
2053409
2053435
2054071
2054509
2054660
2054690
2065674
2065706
2065733
2065996
2066063
2066253
2066407
2066959
2067399
2068031
2068359
2085184
2085275
2085490
2085770
2085867
2086450
2086666
2086667
2086878
2087024
2087025
2088264
2088710
2088959
2090147
2090373
2096315
2096536
2096631
2096744
2097725
2098943
2099799
2099935
2100756
2101873
2102873
2105140
2106538
2106589
2108519
2108906
2112221
2112985
2115052
2136582
2136635
2136745
2136770
2136773
2136793
2136818
2136839
2136897
2136900
2136923
2136993
2137032
2137044
2137052
2137064
2137078
2137084
2137125
2137158
2137170
2137175
2137199
2137671
2137799
2137802
2137911
2137925
2138155
2138205
2138258
2138325
2138815
2138846
2138852
2138859
2138877
2138893
2138911
2138925
2138937
2139047
2140333
2140928
2141018
2141052
2141056
2141078
2141079
2141354
2141424
2141447
2141498
2141526
2141670
2141761
2141765
2141874
2142040
2142348
2142555
2142561
2143381
2143409
2143527
2143637
2143643
2143678
2143947
2144411
2144861
2144922
2145656
2152575
2152667
2152742
2152756
2152787
2152895
2152942
2153195
2153243
2153267
2153306
2153315
2153349
2153415
2153460
2153792
2153951
2153953
2153957
2154007
2154020
2154144
2154229
2154244
2154268
2154278
2154300
2154347
2154453
2154555
2154631
2154652
2154656
2154658
2154715
2154807
2154988
2154991
2155110
2155140
2155334
2155336
2155340
2155341
2159399
2159402
2159459
2159467
2159495
2159533
2159555
2159608
2159609
2159635
2159677
2159699
2159856
2159923
2159928
2159929
2161995
2161998
2162004
2162011
2162015
2162063
2162117
2162142
2162149
2162157
2162161
2162168
2162186
2162195
2162196
2162214
2162215
2162273
2162385
2162433
2162452
2162470
2162472
2162581
2162635
2162679
2162694
2162698
2162723
2162740
2162781
2162854
2162873
2162900
2162911
2162913
2162926
2163000
2163001
2163015
2163023
2163070
2163081
2163191
2163250
2163252
2163295
2163335
2163412
2163454
2163667
2163679
2163692
2163693
2163694
2163696
2163732
2163758
2163760
2163902
2164120
2164184
2164201
2164206
2164214
2164215
2164217
2164221
2164222
2164294
2164341
2164342
2164400
2168044
2168791
2169675
2170013
2170502
2170891
2171486
2171819
2172718
2172722
2172974
2173232
2173664
2173689
2174050
2174806
2174881
2175114
2175189
2175921
2177016
2177255
2177651
2178601
2178871
2183548
2185702
2185853
2186822
2186823
2187026
2188174
2188452
2189008
2189011
2189058
2189062
2189173
2189263
2189552
2189630
2189700
2189973
2190119
2190135
2190161
2190208
2190491
2190758
2190788
2191094
2193178
2194126
2194386
2196256
2198752
2200754
2202411
2202435
2203015
2203217
2203471
2204131
2204232
2205378
2205388
2206359
2207970
2208565
2208617
2209215
2210012
2211914
2212359
2213053
2213869
2215167
2215188
2216707
2217013
2217390
2217796
2217807
2217837
2219021
2219527
2220909
2221787
2222008
2222073
2222165
2222869
2223456
2224926
2225312
2225586
2225900
2226198
2226219
2228587
2229007
2229672
2230089
2230420
2230599
2231134
2231792
2232368
2235700
2236716
2237442
2237805
2240320
2241662
2242211
2243298
2244670
2247517
2248818
2249595
2249615
2249816
2250162
2250458
2250577
2250697
2251732
2252091
2252373
2252793
2253062
2253106
2253586
2254417
2255501
2256004
2256670
2257744
2257838
2258325
2259221
2259802
2261938
2264308
2265032
2265187
2265661
2265962
2267136
2267223
2267270
2267759
2267940
2274855
2275545
2275558
2275714
2275792
2275975
2276111
2276392
2276397
2276409
2276660
2276732
2276770
2276786
2276891
2277127
2277142
2277279
2277473
2277810
2277830
2277958
2278327
2278381
2280136
2280244
2280491
2281070
2281365
2283457
2283460
2283729
2284114
2284422
2285110
2285179
2285331
2285540
2285567
2285571
2285625
2285638
2285818
2285838
2285990
2286079
2288592
2288807
2288914
2289227
2292165
2293054
2293726
2296318
2301011
2302010
2302156
2302311
2302523
2302591
2302800
2302830
2302871
2303248
2303250
2303262
2303449
2303933
2304088
2304293
2304640
2305090
2306367
2306431
2306523
2306595
2307070
2307161
2307493
2307564
2308041
2308043
2308127
2308899
2309203
2309214
2309662
2309728
2310402
2310737
2310842
2311554
2311555
2311925
2312473
2312942
2312956
2313276
2313538
2313548
2313552
2313809
2314079
2315020
2315098
2316695
2317212
2317643
2317685
2318050
2318160
2318411
2318450
2319988
2320378
2322652
2322705
2322756
2322775
2322913
2322966
2323179
2323300
2325769
2326291
2326302
2326332
2326354
2326386
2326732
2326742
2326777
2326946
2327140
2328059
2329275
2329291
2329338
2329340
2329343
2329390
2329395
2329520
2329571
2329669
2329713
2329770
2329774
2330659
2330809
2330825
2331471
2331509
2331510
2331769
2331792
2331963
2331990
2331999
2332408
2333284
2333311
2333358
2333478
2333480
2333510
2333555
2333707
2333755
2333888
2333908
2334412
2335746
2335758
2337053
2337069
2337084
2337118
2337228
2337248
2337252
2337345
2337557
2337866
2338049
2338172
2338176
2338292
2338567
2339492
2339714
2339715
2340048
2340291
2340666
2341050
2341816
2343098
2343158
2344074
2344133
2344143
2344756
2345646
2345853
2347634
2347813
2348304
2348461
2348595
2348776
2349063
2349928
2350462
2350536
2350713
2350964
2350988
2351278
2351331
2351340
2351370
2351508
2351545
2351815
2352143
2353190
2353938
2353947
2354030
2354101
2354127
2354332
2354663
2354713
2354876
2354952
2355046
2355256
2355770
2356285
2357005
2357058
2357311
2357414
2357618
2357621
2358453
2359242
2359592
2360192
2360433
2360502
2361071
2361123
2361518
2361532
2361611
2361689
2361861
2362310
2363069
2363071
2363075
2363076
2363163
2363267
2363298
2363617
2363814
2365246
2366470
2366615
2366733
2366833
2367390
2367525
2367638
2367943
2368664
2368790
2368949
2369296
2369452
2369983
2369984
2369986
2370037
2370061
2370307
2370688
2370702
2371973
2373393
2373428
2373503
2373579
2374188
2374267
2375505
2375657
2376707
2376729
2376775
2376778
2376788
2376848
2376864
2376879
2376883
2377972
2378124
2378526
2378610
2378842
2380128
2380160
2380205
2380321
2380359
2380455
2380476
2380524
2380818
2380929
2381181
2381564
2382459
2382503
2382625
2382875
2383610
2385423
2385497
2385580
2385843
2386259
2386281
2386298
2386504
2387648
2387717
2387793
2387816
2387871
2388468
2388567
2388798
2390522
2390536
2391033
2391275
2391449
2391451
2391508
2392211
2392476
2392704
2393908
2394155
2394783
2395289
2396593
2396730
2396793
2396794
2397326
2397471
2397474
2397847
2399307
2399308
2399446
2399611
2401885
2401925
2401998
2402267
2403039
2403247
2404108
2405189
2405427
2405562
2407338
2407653
2407656
2408752
2408869
2408980
2408982
2409204
2409266
2409342
2409934
2410195
2410622
2410649
2410650
2410832
2411280
2411655
2412976
2412977
2412995
2413002
2413021
2413091
2413123
2413216
2413563
2414429
2414532
2414800
2414903
2414960
2415027
2415267
2415710
2415711
2415715
2415746
2415949
2415986
2415987
2416002
2416032
2416071
2416151
2416186
2416217
2416224
2416231
2416283
2416584
2416675
2416680
2416804
2416851
2417167
2417201
2417210
2417264
2417581
2417655
2417874
2418198
2418233
2418265
2418846
2418896
2418900
2419022
2419464
2419829
2419922
2420048
2420187
2420262
2420286
2420302
2420591
2420738
2422637
2422659
2422977
2423022
2423100
2423210
2423747
2424089
2424392
2424532
2424965
2424969
2425047
2425250
2425450
2425713
2426071
2426082
2427499
2427621
2427643
2427684
2427778
2428086
2428223
2428681
2428694
2429389
2429733
2429736
2429746
2430439
2430552
2430802
2431107
2431394
2431698
2431760
2431775
2431776
2432226
2432509
2432655
2433303
2433939
2433960
2434007
2434051
2434053
2434154
2434313
2434344
2434500
2434751
2434786
2435058
2435138
2435302
2435441
2435730
2436035
2436037
2436094
2436116
2436568
2436654
2436763
2436764
2436771
2436775
2437316
2437846
2437908
2437965
2438017
2438116
2438317
2438429
2438430
2438452
2438990
2439313
2439854
2439889
2439898
2439908
2440012
2441058
2441103
2441304
2441823
2441825
2442177
2442243
2442559
2442605
2442609
2443104
2443923
2443972
2444185
2444627
2444628
2444935
2445025
2445267
2445775
2445830
2446789
2446804
2446826
2446833
2446924
2446935
2446938
2446955
2446963
2447221
2447655
2447795
2447903
2447977
2448628
2448724
2448818
2448972
2449074
2449089
2449107
2450143
2450159
2450160
2450185
2450203
2450238
2450259
2450648
2450649
2450779
2451397
2452307
2452313
2452314
2452334
2452397
2452421
2452474
2452561
2452639
2453100
2453309
2454078
2454177
2454266
2455146
2455157
2455185
2455193
2455199
2455213
2455322
2455407
2455415
2455426
2455432
2455550
2455554
2455588
2455591
2455594
2455659
2455736
2455795
2455956
2456051
2456301
2456536
2456618
2456651
2456863
2456898
2456946
2456973
2457059
2457212
2457260
2457647
2457663
2457912
2458062
2458198
2458368
2458375
2458452
2458732
2458745
2458964
2459046
2459119
2459200
2459386
2459451
2459458
2459462
2459872
2461353
2461365
2461397
2461501
2461912
2462041
2462329
2462559
2462736
2463216
2463257
2463282
2463360
2463380
2463664
2464639
2464797
2465098
2465166
2465402
2465616
2465853
2466053
2466191
2466507
2467335
2467347
2467352
2467475
2467527
2467609
2467835
2467917
2467963
2468004
2468446
2468448
2468452
2468462
2468481
2468540
2468541
2468583
2468681
2468684
2468730
2468738
2468741
2468813
2468837
2468909
2469219
2469356
2469373
2469513
2469634
2469722
2469727
2469737
2469929
2470004
2470510
2470585
2470594
2470678
2470864
2470909
2470951
2470975
2471034
2471108
2471487
2471956
2471984
2472263
2474179
2474223
2474238
2474451
2474474
2474532
2474549
2474554
2474574
2474585
2474611
2474613
2474706
2475354
2475462
2475665
2475967
2476093
2476187
2476904
2477051
2477248
2477327
2477492
2477719
2477885
2478784
2479325
2479345
2480004
2480817
2480823
2480824
2480854
2480856
2480885
2480922
2480927
2480934
2480984
2481025
2481027
2481032
2481052
2481127
2481381
2481442
2481542
2481543
2481775
2481790
2481904
2481918
2481965
2481984
2481985
2481989
2482049
2482228
2482234
2482244
2482391
2482505
2482533
2482562
2482566
2482718
2483408
2483453
2483459
2483468
2483471
2483472
2483504
2483506
2483509
2483531
2483547
2483563
2483566
2483656
2483662
2483856
2483878
2484199
2484403
2484462
2484725
2484757
2484795
2484850
2485051
2485823
2485882
2486001
2486607
2486692
2486739
2487580
2487583
2488450
2488461
2488465
2488474
2488486
2488509
2488579
2488580
2488615
2488636
2488640
2488645
2488693
2488698
2489235
2489337
2489453
2489885
2489900
2490636
2490684
2490791
2491007
2491424
2491565
2491567
2491842
2492143
2494689
2494696
2494706
2494713
2494880
2494975
2495021
2495102
2495168
2495222
2495278
2495316
2495323
2495331
2495417
2495511
2495615
2495829
2495833
2495848
2495857
2495891
2495930
2495959
2495960
2496001
2496018
2496230
2496326
2496327
2496818
2496861
2496869
2496962
2496981
2497025
2497094
2497096
2497113
2497135
2497174
2497176
2497232
2497236
2497626
2498068
2498125
2498441
2498548
2498550
2498918
2499307
2499672
2499986
2499998
2500094
2500136
2500749
2500922
2501243
2501567
2501647
2501878
2501934
2503274
2503277
2503293
2503865
2503871
2503880
2503892
2503911
2503960
2503966
2504025
2504033
2504074
2504181
2504392
2504505
2504711
2504887
2504928
2504994
2505019
2505093
2505169
2505667
2506425
2506437
2506459
2506779
2506951
2507355
2507366
2507422
2507847
2508767
2508772
2508786
2508796
2508861
2508871
2508905
2508912
2508918
2508997
2509073
2509102
2509192
2509353
2509505
2509520
2509523
2509569
2510160
2510190
2510238
2510262
2511002
2511064
2511137
2511520
2511523
2511600
2511777
2511808
2512242
2512244
2512245
2513125
2513138
2513163
2513165
2513170
2513181
2513182
2513312
2513358
2513472
2513497
2513529
2513572
2513711
2513776
2513916
2514571
2514597
2514846
2514914
2515010
2515082
2515335
2515446
2515639
2515742
2516396
2516398
2516420
2516428
2516435
2516457
2516641
2516734
2516868
2516976
2516986
2517046
2517829
2518424
2518426
2518440
2518463
2518469
2518635
2518638
2518646
2518735
2518737
2518771
2519307
2519354
2519504
2519824
2520585
2520862
2523585
2523586
2523587
2523590
2523592
2523593
2523594
2523596
2523599
2523600
2523602
2523603
2523604
2523605
2523607
2523608
2523610
2523611
2523612
2523613
2523614
2523616
2523619
2523621
2523625
2523626
2523628
2523633
2523638
2523641
2523648
2523651
2523657
2523660
2523661
2523663
2523665
2523666
2523667
2523668
2523669
2523670
2523679
2523694
2523707
2523728
2523737
2523779
2523781
2523786
2523792
2523795
2523796
2523799
2523801
2523802
2523803
2523805
2523806
2523807
2523809
2523810
2523811
2523812
2523815
2523817
2523819
2523821
2523822
2523823
2523824
3005804
3092100
3092101
3001703
3092102
3092104
3092105
3092106
3092107
3003147
3003148
3005816
3092109
3005818
3092110
3092111
3005831
3005851
3092112
3092113
3005864
3092114
3092115
3005871
3092117
3005874
3005877
3005896
3092118
3092119
3092120
3092121
3005920
3092122
3092123
3092124
3092125
3005943
3092127
3092128
3092129
3092130
3092131
3005969
3092132
3092133
3092134
3092135
3092136
3006176
3007932
3092137
3092138
3007722
3006207
3007950
3092139
3092140
3092141
3008008
3008064
3008028
3092142
3092143
3008362
3008375
3008376
3092144
3092146
3009003
3009014
3009067
3009117
3092151
3092152
3092153
3092154
3092155
3092156
3009542
3009717
3009749
3092157
3092158
3092160
3010346
3010682
3010396
3092161
3007490
3010734
3092162
3092163
3092164
3010817
3092165
3007859
3007642
3092168
3092169
3007925
3007053
3092170
3092171
3184472
3092172
3011573
3012991
3011965
3012996
3092173
3092174
3013024
3092175
3092176
3092177
3092179
3092181
3092182
3013623
3092184
3013061
3013645
3013648
3013651
3013655
3013658
3092186
3014153
3014162
3092188
3092189
3014781
3092190
3014182
3092193
3014184
3092194
3015796
3015823
3092196
3092197
3092198
3092199
3015692
3092201
3015694
3092202
3092203
3092205
3092206
3064315
3092211
3018300
3017307
3017308
3017309
3157015
3092212
3092213
3018330
3019066
3017729
3019075
3019077
3092214
3092215
3019624
3019079
3092216
3018335
3019631
3020897
3092220
3092221
3020948
3020949
3020950
3092224
3092225
3019646
3092227
3092228
3022007
3092229
3022013
3021049
3022026
3023165
3023021
3022995
3092231
3023018
3022933
3023012
3022035
3022935
3092232
3023064
3024682
3023213
3022971
3092233
3024683
3023157
3024692
3024695
3024696
3023216
3092234
3022973
3092235
3023285
3092236
3092237
3092238
3092239
3092241
3092242
3042899
3092243
3092244
3092245
3024030
3092247
3029456
3026912
3029650
3092248
3029670
3031701
3092249
3031751
3034813
3031776
3031805
3092251
3031814
3037490
3031176
3092255
3036044
3035165
3036128
3036140
3092257
3092258
3036336
3092259
3076412
3036363
3092260
3092261
3092262
3042504
3042552
3043880
3043885
3092264
3092265
3092266
3042555
3043931
3193003
3046647
3046648
3092267
3046843
3047101
3092268
3092269
3053778
3053813
3092270
3054041
3065692
3065636
3067537
3092271
3061255
3065556
3067545
3092273
3067559
3063594
3063595
3061702
3050514
3061707
3061726
3061746
3061790
3067565
3061794
3054334
3054338
3062448
3054374
3067588
3067589
3067590
3062723
3054373
3063789
3068617
3065518
3092274
3092275
3076547
3063064
3063823
3092277
3070712
3076549
3063080
3071222
3065540
3076550
3065824
3092278
3057546
3072800
3092279
3057547
3070547
3092280
3092281
3057549
3069008
3067492
3069224
3067828
3076813
3092284
3070723
3068066
3071939
3072969
3072545
3092285
3092286
3072405
3092287
3092288
3072152
3069758
3070801
3076609
3076610
3076622
3070749
3076637
3071762
3072196
3078275
3092292
3092293
3092294
3072273
3092295
3076737
3072291
3076747
3076772
3076773
3092296
3076774
3078253
3077082
3092297
3092298
3076783
3076899
3092299
3077026
3092300
3079018
3077854
3092301
3079888
3079905
3092303
3079913
3092304
3080816
3092305
3091293
3079950
3080986
3079958
3081029
3080778
3092306
3080850
3091694
3091713
3091716
3091723
3091724
3091760
3091784
3091894
3092308
3091895
3081292
3092310
3091994
3092068
3092069
3092312
3092313
3092314
3080993
3092315
3092076
3092316
3092085
3092317
3092092
3092319
3082922
3092326
3092356
3092327
3092328
3092358
3092330
3092331
3092332
3092333
3092334
3092338
3082928
3092339
3092363
3459879
3092365
3092341
3092096
3092342
3092343
3092345
3092346
3092369
3092347
3092372
3092375
3092381
3092384
3092387
3092388
3092389
3092390
3092391
3092393
3092395
3092397
3092398
3092399
3092400
3092402
3092403
3092404
3092408
3092406
3092413
3092414
3092415
3092417
3092418
3092496
3092478
3092475
3092476
3092477
3092479
3092483
3092484
3092487
3092490
3092492
3092493
3092499
3092504
3092506
3092508
3092516
3092517
3092519
3092520
3092521
3092522
3102665
3102670
3102668
3102674
3102681
3102686
3102688
3102695
3102697
3102699
3102700
3102701
3102702
3102703
3102704
3102705
3102706
3102708
3102709
3102710
3102714
3102715
3102716
3102734
3102761
3102730
3102731
3102733
3102739
3102738
3102741
3102748
3102756
3102758
3102762
3102766
3102767
3102764
3102770
3102771
3102774
3102777
3114029
3102776
3102778
3102780
3102782
3102783
3102785
3114012
3114020
3114018
3114022
3114023
3114026
3114028
3114030
3114032
3114033
3114034
3114051
3114052
3114072
3114073
3114074
3114077
3114105
3114106
3117412
3117413
3117418
3137774
3117424
3117427
3117428
3117430
3117429
3117432
3117433
3117436
3117439
3157486
3117441
3117446
3117458
3117460
3117461
3117467
3117468
3120860
3120863
3120862
3120867
3120869
3120870
3120886
3120888
3120889
3120893
3120891
3120896
3120902
3124994
3125000
3125002
3125007
3125009
3126182
3126185
3126186
3126223
3126224
3126226
3127387
3127389
3127391
3127392
3127393
3127399
3127400
3127403
3127404
3127408
3127411
3127413
3130457
3130461
3130464
3484142
3132091
3132126
3132127
3132507
3132508
3132510
3132512
3132513
3132515
3132516
3132517
3132520
3133149
3133150
3133157
3134260
3137689
3134261
3134262
3134264
3137843
3134269
3134272
3134274
3134279
3134280
3136724
3136725
3136727
3136726
3136729
3136730
3137829
3136733
3136735
3137725
3137727
3137731
3137732
3137734
3137735
3137736
3137737
3137738
3137739
3137744
3137844
3137845
3137846
3137847
3137848
3137850
3137853
3137852
3137851
3137864
3137870
3141523
3141525
3141526
3141528
3141532
3141533
3141531
3141536
3141537
3141539
3143112
3143094
3143082
3143084
3143085
3143086
3143089
3143090
3143095
3143110
3143117
3143120
3143121
3143141
3144143
3144144
3144145
3144148
3144152
3144154
3144508
3144510
3144511
3144513
3144514
3144515
3144518
3144521
3144531
3144532
3145495
3145499
3145497
3145502
3145504
3145506
3145507
3145510
3145515
3145516
3145519
3146500
3146501
3146503
3147006
3147312
3147314
3147315
3147542
3147545
3147547
3147550
3147552
3147556
3147579
3147586
3148443
3148445
3150188
3150189
3150190
3150191
3150193
3150194
3150195
3150196
3150768
3150769
3150772
3150775
3150776
3150778
3151442
3151443
3151641
3151644
3151645
3151646
3151652
3151655
3152305
3152307
3152311
3152313
3152315
3152316
3152319
3152320
3152321
3152322
3153510
3153514
3153517
3153530
3154349
3154350
3154351
3154352
3154487
3154490
3154491
3154492
3154493
3154494
3154495
3154507
3154508
3154511
3154520
3154521
3154522
3156302
3157017
3157021
3157031
3157332
3157334
3157333
3157340
3157482
3157487
3157489
3157768
3157769
3157782
3157783
3158115
3158116
3158118
3158119
3158120
3158121
3158122
3158125
3158126
3158140
3159882
3159888
3159890
3159894
3159897
3160723
3160724
3160725
3160726
3160727
3160728
3160730
3160732
3160733
3160734
3160735
3160738
3160747
3160742
3160745
3160748
3500139
3160783
3160785
3160787
3160788
3160791
3160789
3160795
3160793
3160792
3160794
3160797
3160841
3160846
3160847
3160848
3160853
3160852
3163740
3163741
3163762
3163743
3163744
3163745
3163746
3163747
3163749
3163751
3163752
3163754
3163759
3163758
3163757
3164401
3164402
3164405
3164406
3164408
3164410
3164411
3164412
3164413
3164414
3164415
3164416
3164417
3164431
3166087
3167343
3167346
3167348
3167355
3167358
3167363
3167365
3167364
3167366
3167367
3167368
3167369
3167371
3169269
3169270
3169272
3169273
3169274
3170235
3170202
3170228
3170238
3170213
3170242
3170244
3170247
3170215
3170216
3170217
3170245
3170225
3170226
3170221
3170237
3170205
3170208
3170210
3170232
3170233
3172312
3172313
3172316
3172317
3172322
3172325
3172327
3172328
3172329
3172331
3172332
3172333
3172334
3174192
3174184
3174186
3174187
3174190
3174197
3174198
3174201
3174202
3174205
3174211
3174214
3174215
3175324
3175325
3175326
3175327
3175328
3175332
3176872
3175334
3175335
3175336
3176187
3177177
3177178
3177193
3177195
3177197
3177200
3177201
3177191
3177198
3177199
3177202
3177205
3177206
3177208
3177210
3177211
3177212
3177213
3177214
3177216
3177218
3177219
3177220
3177224
3177225
3177227
3177229
3177230
3177231
3177232
3177233
3177235
3177238
3249978
3179347
3179348
3179353
3179358
3179359
3179360
3179362
3179364
3179361
3179365
3179366
3180145
3180146
3180147
3180156
3180176
3180177
3180179
3180180
3180181
3180183
3180184
3180185
3180186
3180192
3182164
3182174
3182169
3182170
3182171
3182173
3182180
3182181
3182183
3182184
3182185
3182188
3182820
3182822
3182823
3182826
3182827
3182828
3182831
3182832
3183835
3183840
3183841
3183842
3183844
3183846
3183847
3183848
3183850
3183852
3183853
3183855
3184150
3184152
3184153
3184154
3184156
3184157
3184158
3184159
3184470
3184471
3184473
3184474
3184476
3184478
3248660
3248669
3248670
3248672
3248699
3248865
3248972
3249035
3249142
3249181
3249182
3249183
3249184
3249231
3249232
3249348
3249531
3249532
3249705
3249704
3249864
3249865
3249980
3249982
3250108
3250109
3250110
3250193
3250194
3250196
3250244
3250245
3251417
3250293
3250294
3251424
3251425
3251444
3251515
3251516
3251589
3251590
3251712
3251885
3251886
3251887
3252103
3252104
3252105
3252344
3252345
3252347
3252348
3252350
3252570
3252572
3252915
3252917
3754553
3253149
3253150
3253643
3253644
3253645
3254259
3254498
3254920
3254921
3255169
3255170
3255171
3255172
3255174
3255328
3255879
3256043
3256321
3256322
3256323
3256326
3256425
3256426
3256427
3256581
3256583
3256739
3257024
3257025
3257026
3257077
3257078
3260136
3257080
3257201
3258062
3258075
3258076
3261398
3261400
3261401
3261680
3261681
3261768
3261769
3261907
3261919
3262243
3262244
3262409
3262569
3262691
3263232
3263233
3263234
3263252
3263254
3263336
3263414
3263415
3263448
3263533
3263535
3263536
3263537
3263538
3263540
3264974
3263615
3263613
3263616
3263660
3263661
3263662
3263791
3263792
3264085
3264086
3264188
3264189
3264190
3264224
3264225
3264323
3264324
3264322
3264547
3264549
3264550
3264722
3265390
3265391
3265469
3265470
3265791
3265792
3265904
3265906
3265908
3266031
3266032
3266033
3266034
3266177
3266178
3266179
3266180
3266182
3266506
3266944
3267071
3267067
3267065
3267144
3267203
3267202
3267312
3267204
3267313
3267343
3267370
3267403
3267405
3267564
3267565
3273445
3273453
3273458
3273459
3273482
3273481
3273495
3273522
3273523
3273785
3273784
3273786
3273789
3273790
3273787
3273783
3273791
3273833
3273967
3273968
3273969
3273970
3273971
3273972
3274163
3274164
3274165
3274166
3274167
3274303
3274304
3274305
3274489
3274491
3274493
3274691
3274690
3274693
3274696
3274695
3274905
3274999
3275184
3275508
3275506
3275507
3275511
3275513
3275973
3275974
3275976
3275977
3275978
3276097
3276216
3276398
3276439
3276440
3276443
3276444
3276446
3276600
3276686
3276917
3276997
3491074
3276999
3277069
3277400
3277463
3277464
3277527
3277568
3277569
3277571
3277639
3277640
3277704
3277815
3277897
3277999
3278000
3278002
3278080
3278081
3278181
3278182
3278321
3278396
3278397
3278402
3278744
3278966
3279191
3279270
3279271
3279375
3279376
3279436
3279435
3279464
3279609
3279676
3283184
3279827
3279865
3279866
3279958
3279998
3283192
3283217
3283218
3283219
3283227
3283245
3283246
3283248
3283250
3283445
3283480
3283520
3283679
3283780
3283781
3283897
3283898
3283947
3283948
3283950
3284922
3285073
3285074
3285075
3285183
3285184
3285302
3285300
3285301
3285298
3288433
3288440
3288605
3288622
3288779
3288853
3288854
3288866
3288932
3288931
3288933
3288934
3289053
3289054
3289125
3289126
3289172
3289173
3289174
3289175
3289176
3289740
3290340
3291164
3289177
3289178
3289351
3289743
3289744
3289739
3289745
3289746
3289928
3289929
3290081
3290407
3290632
3290809
3290856
3290880
3291099
3291100
3291101
3291103
3291165
3291167
3291168
3291169
3291170
3291224
3291225
3291226
3291227
3291298
3291347
3291349
3291350
3291351
3291352
3292013
3292014
3292011
3292015
3292017
3292018
3292019
3292020
3292344
3292261
3292262
3292264
3292345
3292347
3292767
3293285
3293282
3293284
3293788
3293789
3293790
3293791
3293827
3293830
3293831
3293921
3293922
3293923
3293924
3293961
3293962
3293969
3303216
3295779
3295781
3295782
3295783
3295784
3295786
3295787
3295789
3295791
3297180
3297182
3297183
3297184
3297186
3297188
3297202
3297203
3297204
3297205
3297230
3297231
3297352
3297353
3297354
3297355
3297358
3297360
3297361
3297363
3297364
3297367
3297368
3297369
3297370
3297373
3297374
3297375
3297376
3297377
3297379
3297380
3297384
3297382
3297386
3297388
3297627
3297389
3297391
3297392
3297632
3297633
3297628
3297629
3297630
3297631
3297634
3297635
3297636
3299023
3299469
3299470
3299721
3299723
3299814
3299815
3299816
3299948
3303320
3303321
3300165
3302880
3303215
3303217
3303223
3303219
3303224
3303309
3304382
3304383
3304561
3304562
3304563
3304564
3304565
3304566
3304648
3304649
3304650
3304999
3305000
3305001
3305003
3305029
3305030
3305031
3305296
3305298
3305485
3305500
3305962
3306399
3306215
3306401
3306402
3306404
3306405
3306406
3306407
3306408
3306658
3306579
3306580
3306659
3307058
3307059
3307230
3307231
3308948
3308949
3308950
3309089
3309090
3309091
3309092
3309287
3309288
3309475
3309476
3309693
3309690
3309827
3309829
3309831
3309832
3309856
3309857
3310057
3310464
3311263
3311267
3311675
3311676
3311861
3311863
3311864
3311866
3311867
3311868
3311958
3311959
3311960
3311961
3311962
3311963
3311965
3312034
3312035
3312036
3312420
3312421
3313157
3313180
3313220
3313555
3313556
3313558
3313559
3313560
3313729
3313730
3313726
3313731
3313732
3313734
3313733
3313735
3313736
3313738
3313739
3313737
3313847
3313972
3313974
3313975
3314044
3314046
3314048
3314049
3314050
3314051
3314052
3314053
3314201
3314251
3314252
3314253
3314405
3314788
3315004
3315645
3315651
3315653
3321492
3321495
3321499
3321532
3321533
3321534
3321570
3321627
3321629
3321668
3323885
3323886
3323887
3323932
3323933
3323934
3323935
3323936
3323937
3323938
3323939
3324065
3324251
3324252
3324254
3324509
3324625
3324626
3324627
3324628
3324629
3324631
3324656
3324657
3324658
3324685
3325500
3325501
3325502
3325503
3325655
3325670
3325671
3325672
3325673
3325674
3325676
3325677
3327141
3327360
3327361
3329988
3328554
3328630
3328631
3328632
3328633
3328634
3328669
3328730
3328821
3328950
3329226
3329243
3329254
3329255
3329985
3329277
3329279
3329370
3329605
3329606
3329608
3329825
3329986
3329987
3330051
3330156
3330158
3330159
3330160
3330161
3330447
3330682
3330685
3330686
3330687
3330688
3330689
3330690
3331069
3331095
3331096
3331600
3331601
3331848
3331849
3331851
3332413
3332414
3332531
3332533
3332534
3332535
3332788
3332789
3333078
3333273
3333489
3333490
3333576
3333609
3333610
3333611
3333612
3333957
3333958
3334361
3334362
3334434
3334435
3334438
3334818
3334820
3335045
3335046
3335047
3335048
3335226
3335227
3335302
3335422
3335304
3335305
3335306
3335421
3335423
3335553
3335555
3337024
3336867
3336903
3336904
3337025
3337063
3337064
3337145
3337292
3337293
3337294
3337315
3337325
3337558
3337559
3337560
3337591
3337592
3337593
3337594
3337595
3337598
3337599
3337629
3337711
3337712
3337714
3337733
3337734
3337735
3337835
3337993
3337999
3338022
3338034
3338137
3338138
3338369
3338519
3338813
3338814
3339081
3339082
3339218
3339220
3342315
3339595
3339664
3339666
3339667
3339668
3340061
3340060
3341199
3341510
3342130
3342129
3353656
3403148
3342248
3342249
3342316
3342318
3342319
3342321
3342322
3343021
3342643
3342645
3342644
3343104
3343101
3343105
3343102
3343108
3343490
3344169
3344170
3344171
3345236
3345238
3345299
3345300
3345301
3345302
3345303
3345304
3345307
3346458
3346459
3346470
3347351
3346474
3346475
3346476
3346477
3347493
3347494
3347497
3347507
3347502
3347503
3348143
3348144
3348146
3348265
3348266
3348448
3350559
3350631
3350637
3350635
3350777
3351040
3351041
3351217
3351219
3351221
3351224
3351481
3351830
3351831
3351832
3351833
3351834
3352550
3352551
3352688
3352689
3353630
3353631
3353632
3353633
3354731
3354736
3354737
3354738
3354739
3354740
3354954
3354955
3354956
3354958
3355845
3355846
3355848
3355869
3355871
3355873
3356887
3358114
3358115
3358116
3358117
3358219
3358222
3358223
3358224
3358226
3358520
3358521
3358670
3358690
3359024
3359094
3359096
3359266
3359271
3359272
3359276
3359277
3359279
3359281
3359282
3359284
3360225
3360226
3360227
3360486
3360537
3360538
3360539
3360540
3360541
3360542
3360543
3360544
3360545
3360546
3361550
3361551
3361623
3361624
3361625
3361626
3362875
3362876
3362877
3362878
3363039
3363228
3363333
3363346
3363347
3363348
3363349
3363351
3363352
3363353
3363380
3363381
3363420
3363421
3363422
3363429
3363430
3363432
3363695
3363696
3363697
3363698
3363699
3363722
3363723
3363724
3363725
3363726
3363879
3363908
3364159
3364160
3364161
3364286
3364287
3364306
3364452
3364629
3364640
3364895
3365921
3365951
3365954
3365983
3365985
3366004
3366075
3366078
3366280
3366282
3366605
3366645
3366808
3366809
3366886
3366887
3367127
3367128
3367129
3367130
3367150
3367152
3367717
3367718
3367719
3367720
3367721
3367758
3367759
3367829
3367831
3367832
3367842
3367898
3367899
3367900
3367902
3367904
3368184
3368185
3368186
3368187
3368247
3368294
3368403
3368404
3368405
3368493
3368494
3368495
3368602
3368731
3368732
3368733
3368734
3368735
3368738
3368737
3368739
3368860
3368862
3368866
3368867
3369849
3369097
3369098
3370168
3370169
3370278
3370280
3370281
3370282
3370283
3370285
3370286
3370287
3370289
3370290
3370493
3370494
3370495
3370497
3370498
3370499
3370501
3370502
3370503
3370504
3371135
3371136
3371138
3371139
3371142
3371143
3371361
3371362
3371363
3371364
3371670
3371671
3371672
3371673
3371743
3371744
3372208
3372211
3372212
3372213
3372214
3372215
3372216
3372653
3372733
3373097
3373174
3373617
3373618
3373684
3373917
3373918
3373919
3373974
3373975
3373976
3373977
3373978
3373981
3374162
3374163
3374350
3374352
3374389
3374390
3374391
3374667
3374668
3374670
3374671
3375232
3375233
3375501
3375503
3375696
3375773
3376006
3376263
3376341
3376342
3376343
3376345
3377488
3377483
3377484
3377489
3377490
3377520
3377815
3377816
3377868
3377888
3378130
3378233
3378272
3378273
3378351
3378544
3378547
3378560
3378561
3378562
3378563
3378731
3378732
3378801
3378803
3378868
3378930
3379434
3379718
3379831
3379832
3379843
3379844
3379897
3380954
3380959
3381085
3381230
3381231
3381232
3381257
3381258
3381259
3381260
3381261
3381348
3382711
3382826
3382866
3383665
3383666
3383667
3383668
3383669
3383670
3383671
3383902
3383901
3383903
3383905
3384028
3384029
3384030
3384031
3384064
3384066
3384113
3384069
3384181
3384182
3384183
3384184
3384185
3384186
3384187
3384188
3384400
3384401
3384403
3384404
3384405
3384408
3384480
3384481
3384482
3384484
3384485
3384486
3384487
3384488
3385159
3385161
3385162
3385163
3385164
3385643
3385645
3385824
3385825
3385826
3385827
3386133
3386134
3386861
3386862
3387092
3387334
3387455
3387456
3387457
3387534
3387547
3387548
3387549
3387550
3387551
3387552
3387608
3387609
3387611
3387612
3387613
3387614
3387615
3387616
3387785
3387786
3387789
3387792
3388076
3388078
3388080
3388313
3388314
3388317
3388318
3388319
3388320
3388321
3388412
3388354
3388355
3388356
3388395
3388396
3388397
3388398
3388399
3388400
3388401
3388408
3388409
3388410
3388411
3388485
3388486
3388487
3388488
3388489
3388886
3388887
3388888
3389195
3389196
3389197
3389198
3389200
3389361
3389362
3389363
3389365
3389465
3389466
3389467
3389468
3389469
3389487
3389488
3390108
3390109
3391531
3391852
3391854
3392082
3392083
3392297
3392298
3392299
3392300
3392301
3392302
3392303
3392304
3392305
3392306
3392307
3392308
3392309
3392364
3392366
3392367
3392368
3392369
3392370
3392371
3392374
3392375
3392376
3392449
3392450
3392451
3393170
3393816
3393817
3393818
3393819
3393820
3393821
3393822
3394070
3394071
3394073
3394074
3394075
3394076
3394077
3394535
3394536
3394537
3394539
3394540
3394541
3394542
3394708
3394709
3394754
3394752
3394753
3394773
3394774
3394775
3394776
3394777
3395309
3395310
3395311
3394778
3394780
3395314
3395953
3395954
3395955
3395956
3395957
3395958
3395959
3395960
3395961
3395962
3395963
3395964
3395983
3395986
3395987
3395988
3395989
3395990
3395991
3397429
3397430
3397495
3397496
3397567
3397568
3397570
3397571
3397573
3397574
3397575
3397957
3397995
3398062
3398066
3398063
3398086
3398087
3403929
3398088
3398089
3398090
3398093
3398129
3398131
3398132
3398133
3398134
3398139
3398648
3398649
3398650
3398651
3398653
3398654
3398655
3398656
3398740
3404166
3398658
3398754
3399085
3399119
3399121
3399122
3399546
3399548
3399550
3414953
3399919
3399921
3399922
3399923
3399924
3400185
3400245
3400306
3400308
3400309
3400310
3401100
3401102
3401103
3401189
3401190
3401191
3401192
3404088
3401380
3401381
3401383
3401384
3401388
3401386
3401387
3401426
3401427
3401428
3401431
3401433
3401901
3401902
3401904
3402129
3402130
3402132
3402133
3402134
3402197
3402198
3402199
3402200
3402202
3402203
3402204
3402205
3402206
3408076
3402245
3402246
3402247
3402249
3402250
3402364
3402365
3402646
3402366
3402609
3402610
3402612
3402615
3402616
3402617
3402618
3402619
3402620
3402636
3402638
3402645
3402639
3402641
3402642
3402643
3402647
3402648
3403073
3403074
3403149
3403150
3404125
3404126
3404127
3404128
3404129
3404165
3404362
3404364
3404367
3404489
3404490
3404491
3404492
3404493
3404494
3404520
3404522
3404524
3404525
3404526
3404527
3404528
3404529
3404530
3404531
3404763
3404765
3404767
3404769
3404782
3404783
3405069
3405070
3405071
3405088
3405100
3405147
3405148
3405149
3405174
3405189
3405191
3405193
3405194
3405195
3405332
3405333
3405334
3405335
3405337
3405613
3405614
3405338
3405336
3405617
3405618
3406023
3406024
3406025
3406026
3406027
3406330
3406331
3406332
3406333
3406334
3406335
3406336
3406337
3406338
3406339
3406340
3406488
3406892
3406893
3407363
3407474
3407475
3407476
3407477
3407478
3407479
3407480
3407481
3407482
3407483
3407485
3408651
3407677
3407681
3407682
3407941
3407942
3407943
3407944
2229878
2398091
2315942
2248978
2162048
2356276
2316162
2295591
2187472
2243313
2283543
2227077
2228004
2263815
2315916
2315224
3532453
2359360
2243315
2245682
2293307
2358989
3701873
3530461
2436097
2297196
2322194
2378672
2355857
2337876
3530848
2312637
2392280
2321603
2341877
2322584
2355814
3530411
3605954
2430379
2341872
3525864
2346268
2264071
2233918
2467783
2321625
2316833
2388879
2356280
2316150
3432790
2345753
2499231
2361999
2249236
2300244
2300991
3530798
3469517
2248603
2261789
2466247
2295618
3544934
2353230
2355756
2356907
2353761
3031999
2313022
3526486
2321653
2322568
2386832
3470614
2321651
2358977
2436758
2297287
3427643
2389564
2293502
3530793
2315906
2396816
2379985
3655258
3596355
2419524
2297056
2315941
3526239
2312962
3582558
3475936
3509898
2478575
3523334
2322546
3516402
3043768
3637618
2344006
3535494
2486039
3613474
2347452
2359610
3091801
3543660
3538207
3541823
3671945
3529586
2005257
2005335
2006443
2007066
2009590
2009907
2010370
2011273
2012973
2013181
2013780
2015442
2015504
2015760
2015788
2015807
2015809
2015810
2015820
2015836
2015874
2015875
2015883
2016684
2018058
2019255
2019299
2019308
2019521
2020108
2020161
2020461
2020738
2020947
2020952
2020961
2021371
2021372
2022010
2022012
2022042
2022199
2022222
2022227
2022404
2022808
2023114
2023118
2023355
2023383
2024212
2024479
2024498
2024508
2024528
2024536
2024603
2024835
2024952
2024978
2026057
2026181
2026308
2026375
2028978
2029981
2032396
2032461
2032513
2032726
2032929
2033001
2033128
2033340
2033822
2034684
2034993
2035272
2035277
2035671
2035672
2036265
2036268
2036269
2036270
2036271
2036425
2037300
2037572
2037710
2038051
2038052
2038083
2038084
2038592
2038594
2038597
2038599
2038609
2038611
2038621
2038628
2039229
2039270
2039280
2039288
2039292
2039293
2039797
2040237
2040262
2040314
2042036
2042114
2042146
2042176
2042201
2042301
2042403
2043436
2043627
2044594
2045802
2047171
2047932
2048252
2048639
2049036
2049673
2050000
2051351
2051360
2051984
2052747
2052975
2053311
2053449
2054520
2054614
2054625
2054632
2054634
2054678
2054680
2054689
2055565
2055636
2055637
2055638
2055701
2057626
2058084
2058153
2058473
2058534
2059049
2059355
2059358
2060257
2060322
2060328
2060388
2060454
2060458
2060608
2060620
2060621
2063175
2063193
2063202
2063205
2063210
2063252
2063259
2063269
2063272
2063279
2063290
2063294
2065109
2065134
2065150
2065174
2065179
2065205
2065209
2065211
2065216
2065217
2065223
2065240
2065489
2065583
2066452
2066652
2067065
2068112
2068788
2069986
2069987
2069988
2069990
2073480
2073637
2076803
2076824
2077860
2077906
2077914
2078799
2079360
2079444
2079969
2079978
2079983
2080251
2080302
2080806
2082075
2082155
2082157
2082158
2083975
2083977
2083979
2083981
2083982
2083983
2084522
2084719
2084922
2085627
2085633
2085798
2086047
2086177
2086377
2087269
2087555
2088225
2088229
2088240
2088241
2088267
2088268
2088269
2088611
2088775
2089836
2089841
2089844
2089852
2089871
2089872
2089878
2089886
2089898
2089913
2089927
2089938
2090377
2090482
2090568
2090569
2091133
2091205
2091554
2095625
2098153
2099309
2099950
2100619
2100624
2101405
2101466
2103508
2105654
2106143
2107004
2107134
2109266
2109549
2110359
2111198
2111231
2111571
2111770
2111771
2111785
2111805
2111806
2111932
2114345
2114710
2116238
2116439
2116901
2116930
2116970
2117832
2117851
2118228
2118378
2118379
2118624
2118698
2118702
2119066
2119067
2119068
2119069
2119070
2119315
2119473
2119878
2119951
2119956
2119976
2119979
2120132
2120178
2120181
2120216
2120347
2120348
2121725
2122391
2122460
2122592
2122860
2122962
2123509
2124695
2124696
2124729
2125059
2125106
2126154
2126155
2126619
2126719
2127846
2127871
2128383
2129134
2129137
2129142
2129145
2129583
2129746
2129772
2130391
2130648
2131318
2131539
2131546
2131581
2131635
2131695
2131696
2131697
2133067
2134210
2134568
2134860
2135024
2135182
2135571
2135742
2136108
2136120
2136199
2136472
2136557
2137294
2137295
2138031
2138537
2138628
2139775
2141523
2141584
2143685
2143707
2143751
2143991
2144897
2144908
2145451
2145452
2145453
2145474
2145480
2145627
2148112
2148209
2148780
2149348
2149349
2149560
2150642
2150872
2150876
2151883
2151884
2152517
2153464
2153755
2153757
2154417
2154632
2154783
2155326
2155327
2155427
2156098
2156123
2156222
2156250
2156252
2156294
2156730
2157468
2157471
2157730
2158231
2158333
2158336
2159162
2159163
2159378
2159633
2159658
2160091
2160135
2160147
2160148
2160164
2160256
2160427
2160465
2160527
2160533
2161020
2161024
2161027
2161484
2161489
2161646
2161664
2162046
2162805
2162811
2163102
2163196
2163208
2163245
2164210
2164585
2165531
2166115
2166123
2166285
2168280
2168364
2168700
2168703
2169071
2171253
2171424
2174567
2175113
2179133
2179217
2179233
2179244
2179902
2180265
2180274
2181278
2181279
2181648
2181708
2181855
2181867
2181868
2181871
2181874
2181902
2182161
2182222
2182223
2182294
2182397
2182487
2182516
2182522
2182548
2182675
2182926
2182933
2182934
2183309
2183358
2183595
2183963
2183964
2184212
2184276
2184280
2184314
2184929
2184975
2184976
2184978
2184979
2184981
2184982
2184984
2184985
2184986
2185485
2185487
2185489
2185693
2186106
2186125
2186138
2187019
2187024
2187463
2187470
2187471
2187473
2187476
2187478
2187655
2187656
2187657
2187659
2187661
2187692
2188006
2188060
2188083
2188234
2188257
2188373
2188574
2188835
2188836
2188841
2188842
2188843
2188844
2188846
2188847
2188952
2188965
2188986
2189004
2189214
2189310
2189493
2189616
2189772
2189775
2190267
2190301
2190352
2190446
2190458
2190665
2190669
2190674
2190681
2190689
2191028
2191054
2191060
2191068
2191075
2191078
2191088
2191089
2191102
2191103
2191104
2191107
2191108
2191291
2191303
2191912
2191914
2192215
2192218
2192220
2192223
2192262
2192268
2192345
2192386
2192388
2192390
2192393
2192423
2192448
2192942
2193535
2193570
2193592
2193602
2193670
2195041
2195056
2195084
2195104
2195117
2195126
2195152
2195167
2195217
2195230
2195232
2195245
2195258
2195269
2195286
2195315
2195337
2195351
2196316
2196318
2196364
2197563
2197624
2197628
2198858
2200027
2200036
2200051
2200057
2200544
2201006
2201039
2202421
2202758
2202791
2202850
2203210
2203891
2204847
2204927
2207892
2208996
2211992
2213119
2213347
2213394
2213491
2214093
2214376
2214506
2214514
2215020
2215107
2215199
2215319
2215349
2215517
2215551
2215822
2216291
2216292
2216293
2216307
2216409
2216423
2216551
2216847
2216877
2216883
2216891
2216898
2217670
2218070
2218804
2219070
2219125
2219139
2219140
2219466
2219834
2219835
2219837
2219844
2219857
2219866
2219881
2219890
2219892
2219896
2219897
2219902
2219905
2219907
2219908
2219954
2220312
2220324
2220333
2220335
2220336
2220342
2220355
2220530
2220555
2220570
